chain_id,year,tcpuid,original_name,canonical_name,should_apply,cd_name,province
chain_00000,1851,QC059005,[Start of chain],[Start of chain],False,L'Assomption,QC
chain_00000,1861,QC001005,Lachenaie,Lachenaie,False,L'Assomption,QC
chain_00001,1851,QC065999,[Start of chain],[Start of chain],False,Hochelaga,QC
chain_00001,1861,QC020999,NO DATA,NO DATA,False,Hochelaga,QC
chain_00002,1851,ON030003,[Start of chain],[Start of chain],False,Peterborough,ON
chain_00002,1861,ON093005,Dummer,Dummer,False,Peterborough,ON
chain_00003,1851,QC049010,[Start of chain],[Start of chain],False,Bellechasse,QC
chain_00003,1861,QC007006,St. Lazare,St. Lazare,False,Bellechasse,QC
chain_00004,1851,ON041001,[Start of chain],[Start of chain],False,Wentworth,ON
chain_00004,1861,ON104004,Beverley,Beverley,False,Wentworth,ON
chain_00005,1851,ON022004,[Start of chain],[Start of chain],False,Lincoln,ON
chain_00005,1861,ON085004,Grantham,Grantham,False,Lincoln,ON
chain_00006,1851,ON003001,[Start of chain],[Start of chain],False,Bruce,ON
chain_00006,1861,ON066003,Arran,Arran,False,Bruce,ON
chain_00007,1851,ON023009,[Start of chain],[Start of chain],False,Middlesex,ON
chain_00007,1861,ON086004,"Dorchester, North","Dorchester, North",False,Middlesex,ON
chain_00008,1851,ON023008,[Start of chain],[Start of chain],False,Middlesex,ON
chain_00008,1861,ON086010,Nissouri,Nissouri,False,Middlesex,ON
chain_00009,1851,ON020001,[Start of chain],[Start of chain],False,Leeds,ON
chain_00009,1861,ON083001,Bastard,Bastard,False,Leeds,ON
chain_00010,1851,ON035001,[Start of chain],[Start of chain],False,Simcoe,ON
chain_00010,1861,ON098014,Orillia and Matchedash,Orillia and Matchedash,False,Simcoe,ON
chain_00011,1851,ON019011,[Start of chain],[Start of chain],False,Lanark,ON
chain_00011,1861,ON082011,Packenham,Packenham,False,Lanark,ON
chain_00012,1851,NS996999,[Start of chain],[Start of chain],False,Nova Scotia,NS
chain_00012,1861,NS996999,NO DATA,NO DATA,False,Nova Scotia,NS
chain_00013,1851,ON026006,[Start of chain],[Start of chain],False,Ontario,ON
chain_00013,1861,ON089009,Thora,Thora,False,Ontario,ON
chain_00014,1851,QC054016,[Start of chain],[Start of chain],False,Beauce,QC
chain_00014,1861,QC005014,St. François,St. François,False,Beauce,QC
chain_00015,1851,ON040009,[Start of chain],[Start of chain],False,Welland,ON
chain_00015,1861,ON102002,"Chippawa, Village","Chippawa, Village",False,Welland,ON
chain_00016,1851,QC080014,[Start of chain],[Start of chain],False,Argenteuil,QC
chain_00016,1861,QC002012,Wentworth,Wentworth,False,Argenteuil,QC
chain_00017,1851,ON023001,[Start of chain],[Start of chain],False,Middlesex,ON
chain_00017,1861,ON086009,Mosa,Mosa,False,Middlesex,ON
chain_00018,1851,ON020006,[Start of chain],[Start of chain],False,Leeds,ON
chain_00018,1861,ON083006,Elmsley,Elmsley,False,Leeds,ON
chain_00019,1851,QC054006,[Start of chain],[Start of chain],False,Dorchester,QC
chain_00019,1861,QC017004,St. Anselme,St. Anselme,False,Dorchester,QC
chain_00020,1851,ON035003,[Start of chain],[Start of chain],False,Simcoe,ON
chain_00020,1861,ON098009,Medonte,Medonte,False,Simcoe,ON
chain_00021,1851,ON023007,[Start of chain],[Start of chain],False,Middlesex,ON
chain_00021,1861,ON086006,Lobo,Lobo,False,Middlesex,ON
chain_00022,1851,ON027008,[Start of chain],[Start of chain],False,Oxford,ON
chain_00022,1861,ON090002,Blenheim,Blenheim,False,Oxford,ON
chain_00023,1851,QC070001,[Start of chain],[Start of chain],False,Richelieu,QC
chain_00023,1861,QC043003,"St. Ours, Village","St. Ours, Village",False,Richelieu,QC
chain_00024,1851,ON001002,[Start of chain],[Start of chain],False,Lennox and Addington ,ON
chain_00024,1861,ON084004,Camden,Camden,False,Lennox and Addington ,ON
chain_00025,1851,ON036002,[Start of chain],[Start of chain],False,Stormont,ON
chain_00025,1861,ON099004,Osnabruck,Osnabruck,False,Stormont,ON
chain_00026,1851,ON009002,[Start of chain],[Start of chain],False,Frontenac,ON
chain_00026,1861,ON072014,Storington,Storington,False,Frontenac,ON
chain_00027,1851,QC068008,[Start of chain],[Start of chain],False,Portneuf,QC
chain_00027,1861,QC041010,Ste. Catherine,Ste. Catherine,False,Portneuf,QC
chain_00028,1851,QC068009,[Start of chain],[Start of chain],False,Portneuf,QC
chain_00028,1861,QC041003,Ecureuils,Ecureuils,False,Portneuf,QC
chain_00029,1851,ON004007,[Start of chain],[Start of chain],False,Carleton,ON
chain_00029,1861,ON067006,Marlhorough,Marlhorough,False,Carleton,ON
chain_00030,1851,ON038004,[Start of chain],[Start of chain],False,Waterloo,ON
chain_00030,1861,ON101012,Woolwich,Woolwich,False,Waterloo,ON
chain_00031,1851,QC062012,[Start of chain],[Start of chain],False,Beauce,QC
chain_00031,1861,QC005007,Lambton,Lambton,False,Beauce,QC
chain_00032,1851,ON039001,[Start of chain],[Start of chain],False,Wellington,ON
chain_00032,1861,ON103005,Erin,Erin,False,Wellington,ON
chain_00033,1851,QC077005,[Start of chain],[Start of chain],False,Brome,QC
chain_00033,1861,QC010004,Potton,Potton,False,Brome,QC
chain_00034,1851,QC081004,[Start of chain],[Start of chain],False,Vaudreuil,QC
chain_00034,1861,QC057004,Rigaud,Rigaud,False,Vaudreuil,QC
chain_00035,1851,ON031006,[Start of chain],[Start of chain],False,Prescott,ON
chain_00035,1861,ON094007,"Plantagenet, North","Plantagenet, North",False,Prescott,ON
chain_00036,1851,ON032004,[Start of chain],[Start of chain],False,Prince Edward,ON
chain_00036,1861,ON095004,Hillier,Hillier,False,Prince Edward,ON
chain_00037,1851,ON039004,[Start of chain],[Start of chain],False,Wellington,ON
chain_00037,1861,ON103009,"Guelph, Town of","Guelph, Town of",False,Wellington,ON
chain_00038,1851,ON021002,[Start of chain],[Start of chain],False,Lennox and Addington ,ON
chain_00038,1861,ON084007,Frederichsburgh,Frederichsburgh,False,Lennox and Addington ,ON
chain_00039,1851,ON008010,[Start of chain],[Start of chain],False,Essex,ON
chain_00039,1861,ON071012,"Tilbury,West","Tilbury,West",False,Essex,ON
chain_00040,1851,ON038006,[Start of chain],[Start of chain],False,Waterloo,ON
chain_00040,1861,ON101003,"Galt, Town of","Galt, Town of",False,Waterloo,ON
chain_00041,1851,QC075006,[Start of chain],[Start of chain],False,Shefford,QC
chain_00041,1861,QC048007,Stukeley,Stukeley,False,Shefford,QC
chain_00042,1851,ON016005,[Start of chain],[Start of chain],False,Huron,ON
chain_00042,1861,ON079018,Usborne,Usborne,False,Huron,ON
chain_00043,1851,QC067020,[Start of chain],[Start of chain],False,Pontiac,QC
chain_00043,1861,QC040014,Sheen,Sheen,False,Pontiac,QC
chain_00044,1851,ON020008,[Start of chain],[Start of chain],False,Leeds,ON
chain_00044,1861,ON083009,Kitley,Kitley,False,Leeds,ON
chain_00045,1851,QC069006,[Start of chain],[Start of chain],False,Quebec (Comté),QC
chain_00045,1861,QC042009,St. Dunstan,St. Dunstan,False,Quebec (Comté),QC
chain_00046,1851,QC075001,[Start of chain],[Start of chain],False,Shefford,QC
chain_00046,1861,QC048004,Milton,Milton,False,Shefford,QC
chain_00047,1851,QC076008,[Start of chain],[Start of chain],False,Compton,QC
chain_00047,1861,QC016004,Eaton,Eaton,False,Compton,QC
chain_00048,1851,QC061008,[Start of chain],[Start of chain],False,Lotbiniere,QC
chain_00048,1861,QC030009,St. Sylvestre,St. Sylvestre,False,Lotbiniere,QC
chain_00049,1851,QC050005,[Start of chain],[Start of chain],False,Berthier,QC
chain_00049,1861,QC008005,Lanoraie,Lanoraie,False,Berthier,QC
chain_00050,1851,QC079008,[Start of chain],[Start of chain],False,Terrebonne,QC
chain_00050,1861,QC055003,Ste. Anne,Ste. Anne,False,Terrebonne,QC
chain_00051,1851,QC077001,[Start of chain],[Start of chain],False,Stanstead,QC
chain_00051,1861,QC053006,Stanstead Plains,Stanstead Plains,False,Stanstead,QC
chain_00052,1851,ON035017,[Start of chain],[Start of chain],False,Simcoe,ON
chain_00052,1861,ON098008,Innisfil,Innisfil,False,Simcoe,ON
chain_00053,1851,QC060006,[Start of chain],[Start of chain],False,L'Islet,QC
chain_00053,1861,QC023002,L’Islet,L’Islet,False,L'Islet,QC
chain_00054,1851,QC071018,[Start of chain],[Start of chain],False,Rimouski,QC
chain_00054,1861,QC045002,MacNider,MacNider,False,Rimouski,QC
chain_00055,1851,ON008006,[Start of chain],[Start of chain],False,Essex,ON
chain_00055,1861,ON071006,Malden,Malden,False,Essex,ON
chain_00056,1851,ON003002,[Start of chain],[Start of chain],False,Bruce,ON
chain_00056,1861,ON066004,Brant,Brant,False,Bruce,ON
chain_00057,1851,ON001001,[Start of chain],[Start of chain],False,Lennox and Addington ,ON
chain_00057,1861,ON084002,Amherst Island,Amherst Island,False,Lennox and Addington ,ON
chain_00058,1851,ON009004,[Start of chain],[Start of chain],False,Frontenac,ON
chain_00058,1861,ON072015,Wolfe Island,Wolfe Island,False,Frontenac,ON
chain_00059,1851,QC061006,[Start of chain],[Start of chain],False,Lotbiniere,QC
chain_00059,1861,QC030005,Ste. Croix and Convent,Ste. Croix and Convent,False,Lotbiniere,QC
chain_00060,1851,QC055005,[Start of chain],[Start of chain],False,Drummond,QC
chain_00060,1861,QC018002,Grantham,Grantham,False,Drummond,QC
chain_00061,1851,ON012002,[Start of chain],[Start of chain],False,Grenville ,ON
chain_00061,1861,ON074002,Edwardsburg,Edwardsburg,False,Grenville ,ON
chain_00062,1851,QC067001,[Start of chain],[Start of chain],False,Outaouais,QC
chain_00062,1861,QC039003,"Aylmer, Village","Aylmer, Village",False,Outaouais,QC
chain_00063,1851,QC063001,[Start of chain],[Start of chain],False,Brome,QC
chain_00063,1861,QC010005,Sutton,Sutton,False,Brome,QC
chain_00064,1851,QC071019,[Start of chain],[Start of chain],False,Rimouski,QC
chain_00064,1861,QC045004,"Matane, Township","Matane, Township",False,Rimouski,QC
chain_00065,1851,QC080015,[Start of chain],[Start of chain],False,Argenteuil,QC
chain_00065,1861,QC002004,Grenville,Grenville,False,Argenteuil,QC
chain_00066,1851,ON035008,[Start of chain],[Start of chain],False,Simcoe,ON
chain_00066,1861,ON098016,Sunnidale,Sunnidale,False,Simcoe,ON
chain_00067,1851,QC068007,[Start of chain],[Start of chain],False,Portneuf,QC
chain_00067,1861,QC041011,St. Raymond,St. Raymond,False,Portneuf,QC
chain_00068,1851,ON002001,[Start of chain],[Start of chain],False,Brant,ON
chain_00068,1861,ON065002,Brantford,Brantford,False,Brant,ON
chain_00069,1851,QC069013,[Start of chain],[Start of chain],False,Quebec (Comté),QC
chain_00069,1861,QC042004,General Hospital,General Hospital,False,Quebec (Comté),QC
chain_00070,1851,QC079013,[Start of chain],[Start of chain],False,Laval,QC
chain_00070,1861,QC028002,St. Martin,St. Martin,False,Laval,QC
chain_00071,1851,QC074002,[Start of chain],[Start of chain],False,Charlevoix,QC
chain_00071,1861,QC013012,St. Urbain,St. Urbain,False,Charlevoix,QC
chain_00072,1851,QC071009,[Start of chain],[Start of chain],False,Temiscouata,QC
chain_00072,1861,QC054008,St. Eloi,St. Eloi,False,Temiscouata,QC
chain_00073,1851,ON010001,[Start of chain],[Start of chain],False,Glengary ,ON
chain_00073,1861,ON073003,Lancaster,Lancaster,False,Glengary ,ON
chain_00074,1851,ON033012,[Start of chain],[Start of chain],False,Renfrew,ON
chain_00074,1861,ON096009,Grattan,Grattan,False,Renfrew,ON
chain_00075,1851,ON013009,[Start of chain],[Start of chain],False,Haldimand,ON
chain_00075,1861,ON076010,Walpole,Walpole,False,Haldimand,ON
chain_00076,1851,ON009006,[Start of chain],[Start of chain],False,Frontenac,ON
chain_00076,1861,ON072006,Loughborough,Loughborough,False,Frontenac,ON
chain_00077,1851,QC058001,[Start of chain],[Start of chain],False,Kamouraska,QC
chain_00077,1861,QC026007,Ste. Anne,Ste. Anne,False,Kamouraska,QC
chain_00078,1851,ON018002,[Start of chain],[Start of chain],False,Lambton,ON
chain_00078,1861,ON081002,Brooke,Brooke,False,Lambton,ON
chain_00079,1851,ON019005,[Start of chain],[Start of chain],False,Lanark,ON
chain_00079,1861,ON082009,Lavant,Lavant,False,Lanark,ON
chain_00080,1851,QC060002,[Start of chain],[Start of chain],False,Montmagny,QC
chain_00080,1861,QC035012,St. Thomas,St. Thomas,False,Montmagny,QC
chain_00081,1851,ON012006,[Start of chain],[Start of chain],False,Grenville ,ON
chain_00081,1861,ON074007,"Present, town of","Present, town of",False,Grenville ,ON
chain_00082,1851,ON030005,[Start of chain],[Start of chain],False,Peterborough,ON
chain_00082,1861,ON093010,"Monaghan, North","Monaghan, North",False,Peterborough,ON
chain_00083,1851,QC067007,[Start of chain],[Start of chain],False,Pontiac,QC
chain_00083,1861,QC040005,Clarendon,Clarendon,False,Pontiac,QC
chain_00084,1851,ON027005,[Start of chain],[Start of chain],False,Oxford,ON
chain_00084,1861,ON090011,"Oxford, West","Oxford, West",False,Oxford,ON
chain_00085,1851,QC050013,[Start of chain],[Start of chain],False,Berthier,QC
chain_00085,1861,QC008010,St. Norbert,St. Norbert,False,Berthier,QC
chain_00086,1851,QC051999,[Start of chain],[Start of chain],False,Bonaventure,QC
chain_00086,1861,QC009999,NO DATA,NO DATA,False,Bonaventure,QC
chain_00087,1851,QC075003,[Start of chain],[Start of chain],False,Shefford,QC
chain_00087,1861,QC048001,Ely,Ely,False,Shefford,QC
chain_00088,1851,ON022003,[Start of chain],[Start of chain],False,Lincoln,ON
chain_00088,1861,ON085003,Gainsborough,Gainsborough,False,Lincoln,ON
chain_00089,1851,ON039002,[Start of chain],[Start of chain],False,Wellington,ON
chain_00089,1861,ON103016,Puslinch,Puslinch,False,Wellington,ON
chain_00090,1851,ON038007,[Start of chain],[Start of chain],False,Waterloo,ON
chain_00090,1861,ON101006,"Preston, Village","Preston, Village",False,Waterloo,ON
chain_00091,1851,ON016002,[Start of chain],[Start of chain],False,Huron,ON
chain_00091,1861,ON079015,Stephen,Stephen,False,Huron,ON
chain_00092,1851,ON035018,[Start of chain],[Start of chain],False,Simcoe,ON
chain_00092,1861,ON098002,"Barrie, Town of","Barrie, Town of",False,Simcoe,ON
chain_00093,1851,QC075005,[Start of chain],[Start of chain],False,Shefford,QC
chain_00093,1861,QC048006,Shefford,Shefford,False,Shefford,QC
chain_00094,1851,QC077002,[Start of chain],[Start of chain],False,Stanstead,QC
chain_00094,1861,QC053003,Barnston,Barnston,False,Stanstead,QC
chain_00095,1851,ON016001,[Start of chain],[Start of chain],False,Huron,ON
chain_00095,1861,ON079008,Hay,Hay,False,Huron,ON
chain_00096,1851,QC081011,[Start of chain],[Start of chain],False,Vaudreuil,QC
chain_00096,1861,QC057002,Newton,Newton,False,Vaudreuil,QC
chain_00097,1851,ON019002,[Start of chain],[Start of chain],False,Lanark,ON
chain_00097,1861,ON082002,Beckwith,Beckwith,False,Lanark,ON
chain_00098,1851,QC051001,[Start of chain],[Start of chain],False,Bonaventure,QC
chain_00098,1861,QC009003,Daniel (Port),Daniel (Port),False,Bonaventure,QC
chain_00099,1851,QC063006,[Start of chain],[Start of chain],False,Missisquoi,QC
chain_00099,1861,QC033008,Stanbridge,Stanbridge,False,Missisquoi,QC
chain_00100,1851,ON020005,[Start of chain],[Start of chain],False,Leeds,ON
chain_00100,1861,ON083007,Elizabethtown,Elizabethtown,False,Leeds,ON
chain_00101,1851,ON032003,[Start of chain],[Start of chain],False,Prince Edward,ON
chain_00101,1861,ON095003,Hallowell,Hallowell,False,Prince Edward,ON
chain_00102,1851,ON024003,[Start of chain],[Start of chain],False,Northumberland,ON
chain_00102,1861,ON088007,Haldimand,Haldimand,False,Northumberland,ON
chain_00103,1851,ON016006,[Start of chain],[Start of chain],False,Huron,ON
chain_00103,1861,ON079009,Howick,Howick,False,Huron,ON
chain_00104,1851,ON008005,[Start of chain],[Start of chain],False,Essex,ON
chain_00104,1861,ON071005,Maidstone,Maidstone,False,Essex,ON
chain_00105,1851,QC071011,[Start of chain],[Start of chain],False,Rimouski,QC
chain_00105,1861,QC045013,St. Simon,St. Simon,False,Rimouski,QC
chain_00106,1851,ON002006,[Start of chain],[Start of chain],False,Brant ,ON
chain_00106,1861,ON065006,Onondag,Onondag,False,Brant ,ON
chain_00107,1851,ON019013,[Start of chain],[Start of chain],False,Lanark,ON
chain_00107,1861,ON082012,"Perth, Town of","Perth, Town of",False,Lanark,ON
chain_00108,1851,QC080017,[Start of chain],[Start of chain],False,Argenteuil,QC
chain_00108,1861,QC002005,Gore,Gore,False,Argenteuil,QC
chain_00109,1851,ON001003,[Start of chain],[Start of chain],False,Lennox and Addington ,ON
chain_00109,1861,ON084006,Ernestown,Ernestown,False,Lennox and Addington ,ON
chain_00110,1851,QC051011,[Start of chain],[Start of chain],False,Bonaventure,QC
chain_00110,1861,QC009008,Matapedia,Matapedia,False,Bonaventure,QC
chain_00111,1851,QC048008,[Start of chain],[Start of chain],False,Chateauguay,QC
chain_00111,1861,QC014007,St. Urbain Premier,St. Urbain Premier,False,Chateauguay,QC
chain_00112,1851,QC056008,[Start of chain],[Start of chain],False,Gaspé,QC
chain_00112,1861,QC019002,Cap Rosier,Cap Rosier,False,Gaspé,QC
chain_00113,1851,ON008007,[Start of chain],[Start of chain],False,Essex,ON
chain_00113,1861,ON071007,Mersea,Mersea,False,Essex,ON
chain_00114,1851,ON019009,[Start of chain],[Start of chain],False,Lanark,ON
chain_00114,1861,ON082005,Darling,Darling,False,Lanark,ON
chain_00115,1851,ON013004,[Start of chain],[Start of chain],False,Haldimand,ON
chain_00115,1861,ON076004,Dunn,Dunn,False,Haldimand,ON
chain_00116,1851,QC050002,[Start of chain],[Start of chain],False,Berthier,QC
chain_00116,1861,QC008007,St. Barthélemi,St. Barthélemi,False,Berthier,QC
chain_00117,1851,QC057003,[Start of chain],[Start of chain],False,Laprairie,QC
chain_00117,1861,QC027003,St. Constant,St. Constant,False,Laprairie,QC
chain_00118,1851,ON011008,[Start of chain],[Start of chain],False,Grey,ON
chain_00118,1861,ON075008,Holland,Holland,False,Grey,ON
chain_00119,1851,ON002004,[Start of chain],[Start of chain],False,Brant ,ON
chain_00119,1861,ON065004,"Dumfries, South","Dumfries, South",False,Brant ,ON
chain_00120,1851,ON042006,[Start of chain],[Start of chain],False,York,ON
chain_00120,1861,ON105006,King,King,False,York,ON
chain_00121,1851,ON020007,[Start of chain],[Start of chain],False,Leeds,ON
chain_00121,1861,ON083008,Escott,Escott,False,Leeds,ON
chain_00122,1851,ON035011,[Start of chain],[Start of chain],False,Simcoe,ON
chain_00122,1861,ON098005,Essa,Essa,False,Simcoe,ON
chain_00123,1851,ON038001,[Start of chain],[Start of chain],False,Waterloo,ON
chain_00123,1861,ON101002,"Dumfries, North","Dumfries, North",False,Waterloo,ON
chain_00124,1851,ON018010,[Start of chain],[Start of chain],False,Lambton,ON
chain_00124,1861,ON081011,Warwick,Warwick,False,Lambton,ON
chain_00125,1851,ON022006,[Start of chain],[Start of chain],False,Lincoln,ON
chain_00125,1861,ON085006,Louth,Louth,False,Lincoln,ON
chain_00126,1851,ON025005,[Start of chain],[Start of chain],False,Norfolk,ON
chain_00126,1861,ON087005,Townsend,Townsend,False,Norfolk,ON
chain_00127,1851,ON040010,[Start of chain],[Start of chain],False,Welland,ON
chain_00127,1861,ON102010,"Thorald, Village","Thorald, Village",False,Welland,ON
chain_00128,1851,QC074001,[Start of chain],[Start of chain],False,Charlevoix,QC
chain_00128,1861,QC013001,Baie St. Paul,Baie St. Paul,False,Charlevoix,QC
chain_00129,1851,ON041006,[Start of chain],[Start of chain],False,Wentworth,ON
chain_00129,1861,ON104003,Binbrook,Binbrook,False,Wentworth,ON
chain_00130,1851,QC080004,[Start of chain],[Start of chain],False,Two Mountains,QC
chain_00130,1861,QC056008,St. Hermas,St. Hermas,False,Two Mountains,QC
chain_00131,1851,ON016009,[Start of chain],[Start of chain],False,Huron,ON
chain_00131,1861,ON079001,Ashfield,Ashfield,False,Huron,ON
chain_00132,1851,QC078010,[Start of chain],[Start of chain],False,Bagot,QC
chain_00132,1861,QC004007,Ste. Rosalie,Ste. Rosalie,False,Bagot,QC
chain_00133,1851,ON039011,[Start of chain],[Start of chain],False,Wellington,ON
chain_00133,1861,ON103001,Amaranth,Amaranth,False,Wellington,ON
chain_00134,1851,ON009007,[Start of chain],[Start of chain],False,Frontenac,ON
chain_00134,1861,ON072012,Portland,Portland,False,Frontenac,ON
chain_00135,1851,ON005002,[Start of chain],[Start of chain],False,Dundas,ON
chain_00135,1861,ON068004,Mountain,Mountain,False,Dundas,ON
chain_00136,1851,QC064009,[Start of chain],[Start of chain],False,Montmorency,QC
chain_00136,1861,QC036007,St. François,St. François,False,Montmorency,QC
chain_00137,1851,ON022005,[Start of chain],[Start of chain],False,Lincoln,ON
chain_00137,1861,ON085005,Grimsby,Grimsby,False,Lincoln,ON
chain_00138,1851,QC069999,[Start of chain],[Start of chain],False,Quebec (Comté),QC
chain_00138,1861,QC042999,NO DATA,NO DATA,False,Quebec (Comté),QC
chain_00139,1851,ON035005,[Start of chain],[Start of chain],False,Simcoe,ON
chain_00139,1861,ON098021,Vespra,Vespra,False,Simcoe,ON
chain_00140,1851,QC050003,[Start of chain],[Start of chain],False,Berthier,QC
chain_00140,1861,QC008008,St. Cuthbert,St. Cuthbert,False,Berthier,QC
chain_00141,1851,ON017002,[Start of chain],[Start of chain],False,Kent,ON
chain_00141,1861,ON080003,Chatham and Gore,Chatham and Gore,False,Kent,ON
chain_00142,1851,ON011002,[Start of chain],[Start of chain],False,Grey,ON
chain_00142,1861,ON075002,Bentinck,Bentinck,False,Grey,ON
chain_00143,1851,QC050001,[Start of chain],[Start of chain],False,Berthier,QC
chain_00143,1861,QC008004,Isle du Pads,Isle du Pads,False,Berthier,QC
chain_00144,1851,QC059008,[Start of chain],[Start of chain],False,Montcalm,QC
chain_00144,1861,QC034006,St. Esprit,St. Esprit,False,Montcalm,QC
chain_00145,1851,QC068006,[Start of chain],[Start of chain],False,Portneuf,QC
chain_00145,1861,QC041008,St. Bazile,St. Bazile,False,Portneuf,QC
chain_00146,1851,QC064005,[Start of chain],[Start of chain],False,Montmorency,QC
chain_00146,1861,QC036009,St. Joachim,St. Joachim,False,Montmorency,QC
chain_00147,1851,QC071010,[Start of chain],[Start of chain],False,Temiscouata,QC
chain_00147,1861,QC054004,Isle Verte,Isle Verte,False,Temiscouata,QC
chain_00148,1851,ON025001,[Start of chain],[Start of chain],False,Norfolk,ON
chain_00148,1861,ON087002,Houghton,Houghton,False,Norfolk,ON
chain_00149,1851,ON021001,[Start of chain],[Start of chain],False,Lennox and Addington ,ON
chain_00149,1861,ON084001,Adolphustown,Adolphustown,False,Lennox and Addington ,ON
chain_00150,1851,QC048001,[Start of chain],[Start of chain],False,Huntingdon,QC
chain_00150,1861,QC021006,St. Anicet,St. Anicet,False,Huntingdon,QC
chain_00151,1851,ON024010,[Start of chain],[Start of chain],False,Northumberland,ON
chain_00151,1861,ON088004,"Cobourg, Town of","Cobourg, Town of",False,Northumberland,ON
chain_00152,1851,ON007007,[Start of chain],[Start of chain],False,Elgin,ON
chain_00152,1861,ON070009,Yarmouth,Yarmouth,False,Elgin,ON
chain_00153,1851,QC064003,[Start of chain],[Start of chain],False,Montmorency,QC
chain_00153,1861,QC036003,Laval,Laval,False,Montmorency,QC
chain_00154,1851,ON024009,[Start of chain],[Start of chain],False,Northumberland,ON
chain_00154,1861,ON088010,Murray,Murray,False,Northumberland,ON
chain_00155,1851,ON026005,[Start of chain],[Start of chain],False,Ontario,ON
chain_00155,1861,ON089001,Brock,Brock,False,Ontario,ON
chain_00156,1851,ON008002,[Start of chain],[Start of chain],False,Essex,ON
chain_00156,1861,ON071002,Anderdon,Anderdon,False,Essex,ON
chain_00157,1851,QC057004,[Start of chain],[Start of chain],False,Laprairie,QC
chain_00157,1861,QC027006,St. Philippe,St. Philippe,False,Laprairie,QC
chain_00158,1851,ON032006,[Start of chain],[Start of chain],False,Prince Edward,ON
chain_00158,1861,ON095007,Sophiasburgh,Sophiasburgh,False,Prince Edward,ON
chain_00159,1851,QC067015,[Start of chain],[Start of chain],False,Outaouais,QC
chain_00159,1861,QC039028,Masham,Masham,False,Outaouais,QC
chain_00160,1851,ON040005,[Start of chain],[Start of chain],False,Welland,ON
chain_00160,1861,ON102013,Willoughby,Willoughby,False,Welland,ON
chain_00161,1851,ON007005,[Start of chain],[Start of chain],False,Elgin,ON
chain_00161,1861,ON070005,Malahide,Malahide,False,Elgin,ON
chain_00162,1851,QC064006,[Start of chain],[Start of chain],False,Montmorency,QC
chain_00162,1861,QC036006,St. Féréol,St. Féréol,False,Montmorency,QC
chain_00163,1851,ON008003,[Start of chain],[Start of chain],False,Essex,ON
chain_00163,1861,ON071003,Colchester,Colchester,False,Essex,ON
chain_00164,1851,,[Start of chain],[Start of chain],False,Bruce,ON
chain_00164,1861,ON066002,Amabel,Amabel,False,Bruce,ON
chain_00165,1851,ON045006,[Start of chain],[Start of chain],False,Kingston,ON
chain_00165,1861,ON109005,St. Lawrence Ward,St. Lawrence Ward,False,Kingston,ON
chain_00166,1851,QC059010,[Start of chain],[Start of chain],False,Montcalm,QC
chain_00166,1861,QC034005,St. Alexis,St. Alexis,False,Montcalm,QC
chain_00167,1851,ON044002,[Start of chain],[Start of chain],False,Hamilton,ON
chain_00167,1861,ON108004,St. Mary’s Ward,St. Mary’s Ward,False,Hamilton,ON
chain_00168,1851,ON004011,[Start of chain],[Start of chain],False,Carleton,ON
chain_00168,1861,ON067011,Torbolton,Torbolton,False,Carleton,ON
chain_00169,1851,QC062009,[Start of chain],[Start of chain],False,Mégantic,QC
chain_00169,1861,QC032001,Broughton,Broughton,False,Mégantic,QC
chain_00170,1851,ON041003,[Start of chain],[Start of chain],False,Wentworth,ON
chain_00170,1861,ON104007,"Flamboro, West","Flamboro, West",False,Wentworth,ON
chain_00171,1851,QC053006,[Start of chain],[Start of chain],False,Champlain,QC
chain_00171,1861,QC012007,Ste. Geneviève de Batiscan,Ste. Geneviève de Batiscan,False,Champlain,QC
chain_00172,1851,QC069007,[Start of chain],[Start of chain],False,Quebec (Comté),QC
chain_00172,1861,QC042010,St. Edmond,St. Edmond,False,Quebec (Comté),QC
chain_00173,1851,ON035013,[Start of chain],[Start of chain],False,Simcoe,ON
chain_00173,1861,ON098001,Adjala,Adjala,False,Simcoe,ON
chain_00174,1851,QC057005,[Start of chain],[Start of chain],False,Laprairie,QC
chain_00174,1861,QC027004,St. Isidore,St. Isidore,False,Laprairie,QC
chain_00175,1851,ON045002,[Start of chain],[Start of chain],False,Kingston,ON
chain_00175,1861,ON109004,Rideau Ward,Rideau Ward,False,Kingston,ON
chain_00176,1851,ON013003,[Start of chain],[Start of chain],False,Haldimand,ON
chain_00176,1861,ON076002,"Cayuga, North","Cayuga, North",False,Haldimand,ON
chain_00177,1851,ON027011,[Start of chain],[Start of chain],False,Oxford,ON
chain_00177,1861,ON090012,"Woodstock, Town of","Woodstock, Town of",False,Oxford,ON
chain_00178,1851,ON004003,[Start of chain],[Start of chain],False,Carleton,ON
chain_00178,1861,ON067003,Goulbourne,Goulbourne,False,Carleton,ON
chain_00179,1851,QC062010,[Start of chain],[Start of chain],False,Beauce,QC
chain_00179,1861,QC005018,Tring,Tring,False,Beauce,QC
chain_00180,1851,QC067016,[Start of chain],[Start of chain],False,Pontiac,QC
chain_00180,1861,QC040011,Onslow,Onslow,False,Pontiac,QC
chain_00181,1851,NL998999,[Start of chain],[Start of chain],False,Newfoundland,NL
chain_00181,1861,NL998999,NO DATA,NO DATA,False,Newfoundland,NL
chain_00182,1851,QC065005,[Start of chain],[Start of chain],False,Jacques Cartier,QC
chain_00182,1861,QC024007,St. Laurent,St. Laurent,False,Jacques Cartier,QC
chain_00183,1851,QC062011,[Start of chain],[Start of chain],False,Beauce,QC
chain_00183,1861,QC005004,Forsyth,Forsyth,False,Beauce,QC
chain_00184,1851,ON011011,[Start of chain],[Start of chain],False,Grey,ON
chain_00184,1861,ON075012,Osprey,Osprey,False,Grey,ON
chain_00185,1851,ON012001,[Start of chain],[Start of chain],False,Grenville ,ON
chain_00185,1861,ON074001,Augusta,Augusta,False,Grenville ,ON
chain_00186,1851,QC080002,[Start of chain],[Start of chain],False,Two Mountains,QC
chain_00186,1861,QC056011,St. Placide,St. Placide,False,Two Mountains,QC
chain_00187,1851,QC075008,[Start of chain],[Start of chain],False,Brome,QC
chain_00187,1861,QC010002,Brome,Brome,False,Brome,QC
chain_00188,1851,ON026008,[Start of chain],[Start of chain],False,Ontario,ON
chain_00188,1861,ON089008,Scugog Island,Scugog Island,False,Ontario,ON
chain_00189,1851,ON015002,[Start of chain],[Start of chain],False,Hastings,ON
chain_00189,1861,ON078005,Huntingdon,Huntingdon,False,Hastings,ON
chain_00190,1851,QC076004,[Start of chain],[Start of chain],False,Compton,QC
chain_00190,1861,QC016003,Compton,Compton,False,Compton,QC
chain_00191,1851,QC065007,[Start of chain],[Start of chain],False,Jacques Cartier,QC
chain_00191,1861,QC024004,Ste. Anne,Ste. Anne,False,Jacques Cartier,QC
chain_00192,1851,ON036003,[Start of chain],[Start of chain],False,Stormont,ON
chain_00192,1861,ON099003,Finch,Finch,False,Stormont,ON
chain_00193,1851,QC080001,[Start of chain],[Start of chain],False,Two Mountains,QC
chain_00193,1861,QC056003,St. Benoit,St. Benoit,False,Two Mountains,QC
chain_00194,1851,QC061007,[Start of chain],[Start of chain],False,Lotbiniere,QC
chain_00194,1861,QC030001,Lotbinière,Lotbinière,False,Lotbiniere,QC
chain_00195,1851,QC066001,[Start of chain],[Start of chain],False,Nicolet,QC
chain_00195,1861,QC038008,Ste. Monique,Ste. Monique,False,Nicolet,QC
chain_00196,1851,ON003008,[Start of chain],[Start of chain],False,Bruce,ON
chain_00196,1861,ON066010,Huron,Huron,False,Bruce,ON
chain_00197,1851,QC076017,[Start of chain],[Start of chain],False,Wolfe,QC
chain_00197,1861,QC059001,Dudswell,Dudswell,False,Wolfe,QC
chain_00198,1851,QC073008,[Start of chain],[Start of chain],False,Maskinonge,QC
chain_00198,1861,QC031006,St. Léon,St. Léon,False,Maskinonge,QC
chain_00199,1851,QC064004,[Start of chain],[Start of chain],False,Montmorency,QC
chain_00199,1861,QC036004,Ste. Anne,Ste. Anne,False,Montmorency,QC
chain_00200,1851,ON007004,[Start of chain],[Start of chain],False,Elgin,ON
chain_00200,1861,ON070003,Dorchester,Dorchester,False,Elgin,ON
chain_00201,1851,QC056004,[Start of chain],[Start of chain],False,Gaspé,QC
chain_00201,1861,QC019009,Malbaie,Malbaie,False,Gaspé,QC
chain_00202,1851,QC059013,[Start of chain],[Start of chain],False,Montcalm,QC
chain_00202,1861,QC034008,Ste. Julienne,Ste. Julienne,False,Montcalm,QC
chain_00203,1851,QC067010,[Start of chain],[Start of chain],False,Outaouais,QC
chain_00203,1861,QC039021,Hull,Hull,False,Outaouais,QC
chain_00204,1851,ON003004,[Start of chain],[Start of chain],False,Bruce,ON
chain_00204,1861,ON066006,Carrick,Carrick,False,Bruce,ON
chain_00205,1851,QC072012,[Start of chain],[Start of chain],False,Iberville,QC
chain_00205,1861,QC022005,St. George de Henryville,St. George de Henryville,False,Iberville,QC
chain_00206,1851,ON041004,[Start of chain],[Start of chain],False,Wentworth,ON
chain_00206,1861,ON104001,Ancaster,Ancaster,False,Wentworth,ON
chain_00207,1851,ON026009,[Start of chain],[Start of chain],False,Ontario,ON
chain_00207,1861,ON089007,Scott,Scott,False,Ontario,ON
chain_00208,1851,ON035014,[Start of chain],[Start of chain],False,Simcoe,ON
chain_00208,1861,ON098019,Tossorontio,Tossorontio,False,Simcoe,ON
chain_00209,1851,ON040007,[Start of chain],[Start of chain],False,Welland,ON
chain_00209,1861,ON102006,Humberstone,Humberstone,False,Welland,ON
chain_00210,1851,QC075002,[Start of chain],[Start of chain],False,Shefford,QC
chain_00210,1861,QC048005,Roxton,Roxton,False,Shefford,QC
chain_00211,1851,QC076016,[Start of chain],[Start of chain],False,Richmond,QC
chain_00211,1861,QC044008,Windsor,Windsor,False,Richmond,QC
chain_00212,1851,ON019006,[Start of chain],[Start of chain],False,Lanark,ON
chain_00212,1861,ON082006,Drummond,Drummond,False,Lanark,ON
chain_00213,1851,QC052014,[Start of chain],[Start of chain],False,St. Johns,QC
chain_00213,1861,QC051003,"St. Jean, Parish","St. Jean, Parish",False,St. Johns,QC
chain_00214,1851,ON002002,[Start of chain],[Start of chain],False,Brant,ON
chain_00214,1861,ON065001,"Brantford, Town of","Brantford, Town of",False,Brant,ON
chain_00215,1851,ON041002,[Start of chain],[Start of chain],False,Wentworth,ON
chain_00215,1861,ON104006,"Flamboro, East","Flamboro, East",False,Wentworth,ON
chain_00216,1851,ON012003,[Start of chain],[Start of chain],False,Grenville ,ON
chain_00216,1861,ON074003,"Gower, South","Gower, South",False,Grenville ,ON
chain_00217,1851,QC081003,[Start of chain],[Start of chain],False,Vaudreuil,QC
chain_00217,1861,QC057005,"Vaudreuil, Village","Vaudreuil, Village",False,Vaudreuil,QC
chain_00218,1851,QC071012,[Start of chain],[Start of chain],False,Rimouski,QC
chain_00218,1861,QC045009,St. Fabien,St. Fabien,False,Rimouski,QC
chain_00219,1851,QC059003,[Start of chain],[Start of chain],False,L'Assomption,QC
chain_00219,1861,QC001011,St. Sulpice,St. Sulpice,False,L'Assomption,QC
chain_00220,1851,ON039008,[Start of chain],[Start of chain],False,Wellington,ON
chain_00220,1861,ON103014,Peel,Peel,False,Wellington,ON
chain_00221,1851,QC083004,[Start of chain],[Start of chain],False,Yamaska,QC
chain_00221,1861,QC060001,La Baie,La Baie,False,Yamaska,QC
chain_00222,1851,ON006006,[Start of chain],[Start of chain],False,Durham ,ON
chain_00222,1861,ON069007,Manvers,Manvers,False,Durham ,ON
chain_00223,1851,QC051003,[Start of chain],[Start of chain],False,Bonaventure,QC
chain_00223,1861,QC009002,Cox,Cox,False,Bonaventure,QC
chain_00224,1851,ON022009,[Start of chain],[Start of chain],False,Lincoln,ON
chain_00224,1861,ON085009,"St. Catherines, Town of","St. Catherines, Town of",False,Lincoln,ON
chain_00225,1851,ON018003,[Start of chain],[Start of chain],False,Lambton,ON
chain_00225,1861,ON081003,Dawn,Dawn,False,Lambton,ON
chain_00226,1851,QC070008,[Start of chain],[Start of chain],False,St. Hyacinthe,QC
chain_00226,1861,QC050002,St. Barnabé,St. Barnabé,False,St. Hyacinthe,QC
chain_00227,1851,ON028005,[Start of chain],[Start of chain],False,Peel,ON
chain_00227,1861,ON091007,Toronto Gore,Toronto Gore,False,Peel,ON
chain_00228,1851,QC076011,[Start of chain],[Start of chain],False,Compton,QC
chain_00228,1861,QC016007,Lingwick,Lingwick,False,Compton,QC
chain_00229,1851,ON034004,[Start of chain],[Start of chain],False,Russell,ON
chain_00229,1861,ON097004,Russell,Russell,False,Russell,ON
chain_00230,1851,QC064001,[Start of chain],[Start of chain],False,Montmorency,QC
chain_00230,1861,QC036002,Château Richer,Château Richer,False,Montmorency,QC
chain_00231,1851,ON033010,[Start of chain],[Start of chain],False,Renfrew,ON
chain_00231,1861,ON096019,Stafford,Stafford,False,Renfrew,ON
chain_00232,1851,ON016010,[Start of chain],[Start of chain],False,Huron,ON
chain_00232,1861,ON079019,Wawanosh,Wawanosh,False,Huron,ON
chain_00233,1851,QC057006,[Start of chain],[Start of chain],False,Chateauguay,QC
chain_00233,1861,QC014006,Ste. Philomène,Ste. Philomène,False,Chateauguay,QC
chain_00234,1851,ON025002,[Start of chain],[Start of chain],False,Norfolk,ON
chain_00234,1861,ON087003,Middleton,Middleton,False,Norfolk,ON
chain_00235,1851,QC050010,[Start of chain],[Start of chain],False,Joliette,QC
chain_00235,1861,QC025008,Ste. Elizabeth,Ste. Elizabeth,False,Joliette,QC
chain_00236,1851,QC071004,[Start of chain],[Start of chain],False,Temiscouata,QC
chain_00236,1861,QC054009,St. George de Kakouna,St. George de Kakouna,False,Temiscouata,QC
chain_00237,1851,QC064008,[Start of chain],[Start of chain],False,Montmorency,QC
chain_00237,1861,QC036005,Ste. Famille,Ste. Famille,False,Montmorency,QC
chain_00238,1851,QC055010,[Start of chain],[Start of chain],False,Drummond,QC
chain_00238,1861,QC018007,Wickham,Wickham,False,Drummond,QC
chain_00239,1851,ON003007,[Start of chain],[Start of chain],False,Bruce,ON
chain_00239,1861,ON066009,Grenock,Grenock,False,Bruce,ON
chain_00240,1851,ON024008,[Start of chain],[Start of chain],False,Northumberland,ON
chain_00240,1861,ON088009,"Monaghan, South","Monaghan, South",False,Northumberland,ON
chain_00241,1851,QC076001,[Start of chain],[Start of chain],False,Compton,QC
chain_00241,1861,QC016006,Hereford,Hereford,False,Compton,QC
chain_00242,1851,ON014003,[Start of chain],[Start of chain],False,Halton,ON
chain_00242,1861,ON077004,Nassagiweya,Nassagiweya,False,Halton,ON
chain_00243,1851,ON004001,[Start of chain],[Start of chain],False,Carleton,ON
chain_00243,1861,ON067001,Fitzroy,Fitzroy,False,Carleton,ON
chain_00244,1851,ON017008,[Start of chain],[Start of chain],False,Kent,ON
chain_00244,1861,ON080002,"Chatham, Town of","Chatham, Town of",False,Kent,ON
chain_00245,1851,QC079010,[Start of chain],[Start of chain],False,Laval,QC
chain_00245,1861,QC028001,St. François de Sales,St. François de Sales,False,Laval,QC
chain_00246,1851,QC058002,[Start of chain],[Start of chain],False,Kamouraska,QC
chain_00246,1861,QC026001,Ixworth,Ixworth,False,Kamouraska,QC
chain_00247,1851,ON016007,[Start of chain],[Start of chain],False,Huron,ON
chain_00247,1861,ON079012,McKillop,McKillop,False,Huron,ON
chain_00248,1851,ON018007,[Start of chain],[Start of chain],False,Lambton,ON
chain_00248,1861,ON081007,Plympton,Plympton,False,Lambton,ON
chain_00249,1851,ON044003,[Start of chain],[Start of chain],False,Hamilton,ON
chain_00249,1861,ON108001,St. Andrews’ Ward,St. Andrews’ Ward,False,Hamilton,ON
chain_00250,1851,QC063004,[Start of chain],[Start of chain],False,Missisquoi,QC
chain_00250,1861,QC033004,"Philipsburgh, Village","Philipsburgh, Village",False,Missisquoi,QC
chain_00251,1851,ON023004,[Start of chain],[Start of chain],False,Middlesex,ON
chain_00251,1861,ON086008,Metcalf,Metcalf,False,Middlesex,ON
chain_00252,1851,ON004005,[Start of chain],[Start of chain],False,Carleton,ON
chain_00252,1861,ON067005,Huntley,Huntley,False,Carleton,ON
chain_00253,1851,QC049006,[Start of chain],[Start of chain],False,Bellechasse,QC
chain_00253,1861,QC007004,St. Charles,St. Charles,False,Bellechasse,QC
chain_00254,1851,QC051007,[Start of chain],[Start of chain],False,Bonaventure,QC
chain_00254,1861,QC009001,Carleton,Carleton,False,Bonaventure,QC
chain_00255,1851,ON027009,[Start of chain],[Start of chain],False,Oxford,ON
chain_00255,1861,ON090001,Blandford,Blandford,False,Oxford,ON
chain_00256,1851,ON024005,[Start of chain],[Start of chain],False,Northumberland,ON
chain_00256,1861,ON088012,Seymour,Seymour,False,Northumberland,ON
chain_00257,1851,ON023002,[Start of chain],[Start of chain],False,Middlesex,ON
chain_00257,1861,ON086005,Ekfrid,Ekfrid,False,Middlesex,ON
chain_00258,1851,QC069005,[Start of chain],[Start of chain],False,Quebec (Comté),QC
chain_00258,1861,QC042003,Charlesbourg,Charlesbourg,False,Quebec (Comté),QC
chain_00259,1851,ON032007,[Start of chain],[Start of chain],False,Prince Edward,ON
chain_00259,1861,ON095006,"Picton, Town of","Picton, Town of",False,Prince Edward,ON
chain_00260,1851,QC080013,[Start of chain],[Start of chain],False,Argenteuil,QC
chain_00260,1861,QC002002,Chatham,Chatham,False,Argenteuil,QC
chain_00261,1851,ON007001,[Start of chain],[Start of chain],False,Elgin,ON
chain_00261,1861,ON070001,Aldborough,Aldborough,False,Elgin,ON
chain_00262,1851,QC056011,[Start of chain],[Start of chain],False,Gaspé,QC
chain_00262,1861,QC019017,Magdalen Islands,Magdalen Islands,False,Gaspé,QC
chain_00263,1851,QC056003,[Start of chain],[Start of chain],False,Gaspé,QC
chain_00263,1861,QC019013,Percé,Percé,False,Gaspé,QC
chain_00264,1851,ON022007,[Start of chain],[Start of chain],False,Lincoln,ON
chain_00264,1861,ON085007,Niagara,Niagara,False,Lincoln,ON
chain_00265,1851,QC081007,[Start of chain],[Start of chain],False,Soulanges,QC
chain_00265,1861,QC049004,St. Ignace,St. Ignace,False,Soulanges,QC
chain_00266,1851,ON027012,[Start of chain],[Start of chain],False,Oxford,ON
chain_00266,1861,ON090005,"Ingersoll, Village","Ingersoll, Village",False,Oxford,ON
chain_00267,1851,ON036001,[Start of chain],[Start of chain],False,Stormont,ON
chain_00267,1861,ON099002,"Cornwall, Township","Cornwall, Township",False,Stormont,ON
chain_00268,1851,QC073004,[Start of chain],[Start of chain],False,St. Maurice,QC
chain_00268,1861,QC052001,Pointe du Lac,Pointe du Lac,False,St. Maurice,QC
chain_00269,1851,QC067019,[Start of chain],[Start of chain],False,Outaouais,QC
chain_00269,1861,QC039031,Portland,Portland,False,Outaouais,QC
chain_00270,1851,ON037001,[Start of chain],[Start of chain],False,Victoria,ON
chain_00270,1861,ON100014,Mariposa,Mariposa,False,Victoria,ON
chain_00271,1851,QC076020,[Start of chain],[Start of chain],False,Compton,QC
chain_00271,1861,QC016011,Winslow,Winslow,False,Compton,QC
chain_00272,1851,ON041007,[Start of chain],[Start of chain],False,Wentworth,ON
chain_00272,1861,ON104009,Saltfleet,Saltfleet,False,Wentworth,ON
chain_00273,1851,ON018005,[Start of chain],[Start of chain],False,Lambton,ON
chain_00273,1861,ON081005,Euphemia,Euphemia,False,Lambton,ON
chain_00274,1851,QC054017,[Start of chain],[Start of chain],False,Beauce,QC
chain_00274,1861,QC005015,St. Georges,St. Georges,False,Beauce,QC
chain_00275,1851,ON005004,[Start of chain],[Start of chain],False,Dundas,ON
chain_00275,1861,ON068006,Winchester,Winchester,False,Dundas,ON
chain_00276,1851,QC082001,[Start of chain],[Start of chain],False,Vercheres,QC
chain_00276,1861,QC058006,Varennes,Varennes,False,Vercheres,QC
chain_00277,1851,ON041008,[Start of chain],[Start of chain],False,Wentworth,ON
chain_00277,1861,ON104002,Barton,Barton,False,Wentworth,ON
chain_00278,1851,QC073009,[Start of chain],[Start of chain],False,Maskinonge,QC
chain_00278,1861,QC031007,St. Paulin,St. Paulin,False,Maskinonge,QC
chain_00279,1851,ON027004,[Start of chain],[Start of chain],False,Oxford,ON
chain_00279,1861,ON090010,"Oxford, East","Oxford, East",False,Oxford,ON
chain_00280,1851,ON032005,[Start of chain],[Start of chain],False,Prince Edward,ON
chain_00280,1861,ON095005,Marysburgh,Marysburgh,False,Prince Edward,ON
chain_00281,1851,QC064999,[Start of chain],[Start of chain],False,Montmorency,QC
chain_00281,1861,QC036999,NO DATA,NO DATA,False,Montmorency,QC
chain_00282,1851,ON040001,[Start of chain],[Start of chain],False,Welland,ON
chain_00282,1861,ON102007,Pelham,Pelham,False,Welland,ON
chain_00283,1851,QC050006,[Start of chain],[Start of chain],False,Berthier,QC
chain_00283,1861,QC008006,Lavaltrie,Lavaltrie,False,Berthier,QC
chain_00284,1851,QC067002,[Start of chain],[Start of chain],False,Pontiac,QC
chain_00284,1861,QC040003,Allumettes,Allumettes,False,Pontiac,QC
chain_00285,1851,QC050007,[Start of chain],[Start of chain],False,Joliette,QC
chain_00285,1861,QC025013,St. Paul,St. Paul,False,Joliette,QC
chain_00286,1851,ON013006,[Start of chain],[Start of chain],False,Haldimand,ON
chain_00286,1861,ON076007,Oneida,Oneida,False,Haldimand,ON
chain_00287,1851,ON042001,[Start of chain],[Start of chain],False,York,ON
chain_00287,1861,ON105001,Etobicoke,Etobicoke,False,York,ON
chain_00288,1851,ON016011,[Start of chain],[Start of chain],False,Huron,ON
chain_00288,1861,ON079004,Colborno,Colborno,False,Huron,ON
chain_00289,1851,QC054007,[Start of chain],[Start of chain],False,Dorchester,QC
chain_00289,1861,QC017008,St. Isidore,St. Isidore,False,Dorchester,QC
chain_00290,1851,QC066008,[Start of chain],[Start of chain],False,Nicolet,QC
chain_00290,1861,QC038004,Nicolet and Seminary,Nicolet and Seminary,False,Nicolet,QC
chain_00291,1851,ON002003,[Start of chain],[Start of chain],False,Brant ,ON
chain_00291,1861,ON065003,Burford,Burford,False,Brant ,ON
chain_00292,1851,QC060014,[Start of chain],[Start of chain],False,Montmagny,QC
chain_00292,1861,QC035002,Grosse Isle,Grosse Isle,False,Montmagny,QC
chain_00293,1851,ON004002,[Start of chain],[Start of chain],False,Carleton,ON
chain_00293,1861,ON067002,Gloucester,Gloucester,False,Carleton,ON
chain_00294,1851,ON023011,[Start of chain],[Start of chain],False,Middlesex,ON
chain_00294,1861,ON086014,Westminster,Westminster,False,Middlesex,ON
chain_00295,1851,QC054011,[Start of chain],[Start of chain],False,Dorchester,QC
chain_00295,1861,QC017005,St. Bernard,St. Bernard,False,Dorchester,QC
chain_00296,1851,ON003005,[Start of chain],[Start of chain],False,Bruce,ON
chain_00296,1861,ON066007,Culross,Culross,False,Bruce,ON
chain_00297,1851,QC060008,[Start of chain],[Start of chain],False,Montmagny,QC
chain_00297,1861,QC035010,St. Ignace,St. Ignace,False,Montmagny,QC
chain_00298,1851,QC049005,[Start of chain],[Start of chain],False,Bellechasse,QC
chain_00298,1861,QC007002,Beaumont,Beaumont,False,Bellechasse,QC
chain_00299,1851,ON010004,[Start of chain],[Start of chain],False,Glengary ,ON
chain_00299,1861,ON073002,Kenyon,Kenyon,False,Glengary ,ON
chain_00300,1851,QC048005,[Start of chain],[Start of chain],False,Beauharnois,QC
chain_00300,1861,QC006001,Beauharnois,Beauharnois,False,Beauharnois,QC
chain_00301,1851,ON008004,[Start of chain],[Start of chain],False,Essex,ON
chain_00301,1861,ON071004,Golded,Golded,False,Essex,ON
chain_00302,1851,ON042002,[Start of chain],[Start of chain],False,York,ON
chain_00302,1861,ON105009,Vaughan,Vaughan,False,York,ON
chain_00303,1851,ON003006,[Start of chain],[Start of chain],False,Bruce,ON
chain_00303,1861,ON066008,Elderslie,Elderslie,False,Bruce,ON
chain_00304,1851,ON039012,[Start of chain],[Start of chain],False,Wellington,ON
chain_00304,1861,ON103015,Pilkington,Pilkington,False,Wellington,ON
chain_00305,1851,ON027001,[Start of chain],[Start of chain],False,Oxford,ON
chain_00305,1861,ON090013,"Zorra, East","Zorra, East",False,Oxford,ON
chain_00306,1851,ON015008,[Start of chain],[Start of chain],False,Hastings,ON
chain_00306,1861,ON078014,Tyendinaga,Tyendinaga,False,Hastings,ON
chain_00307,1851,ON031001,[Start of chain],[Start of chain],False,Prescott,ON
chain_00307,1861,ON094002,Caledonia,Caledonia,False,Prescott,ON
chain_00308,1851,ON011006,[Start of chain],[Start of chain],False,Grey,ON
chain_00308,1861,ON075006,Euphrasia,Euphrasia,False,Grey,ON
chain_00309,1851,NB995999,[Start of chain],[Start of chain],False,New Brunswick,NB
chain_00309,1861,NB995999,NO DATA,NO DATA,False,New Brunswick,NB
chain_00310,1851,QC049009,[Start of chain],[Start of chain],False,Bellechasse,QC
chain_00310,1861,QC007005,St. Gervais,St. Gervais,False,Bellechasse,QC
chain_00311,1851,ON019003,[Start of chain],[Start of chain],False,Lanark,ON
chain_00311,1861,ON082003,Burgess,Burgess,False,Lanark,ON
chain_00312,1851,QC056002,[Start of chain],[Start of chain],False,Gaspé,QC
chain_00312,1861,QC019007,Grand River,Grand River,False,Gaspé,QC
chain_00313,1851,ON033008,[Start of chain],[Start of chain],False,Renfrew,ON
chain_00313,1861,ON096020,Westmeath,Westmeath,False,Renfrew,ON
chain_00314,1851,QC053008,[Start of chain],[Start of chain],False,Champlain,QC
chain_00314,1861,QC012010,St. Prosper,St. Prosper,False,Champlain,QC
chain_00315,1851,QC055018,[Start of chain],[Start of chain],False,Drummond,QC
chain_00315,1861,QC018003,Kingsey,Kingsey,False,Drummond,QC
chain_00316,1851,ON011012,[Start of chain],[Start of chain],False,Grey,ON
chain_00316,1861,ON075017,St. Vincent,St. Vincent,False,Grey,ON
chain_00317,1851,ON033004,[Start of chain],[Start of chain],False,Renfrew,ON
chain_00317,1861,ON096007,Bromley,Bromley,False,Renfrew,ON
chain_00318,1851,QC060011,[Start of chain],[Start of chain],False,Montmagny,QC
chain_00318,1861,QC035003,Isle aux Grues,Isle aux Grues,False,Montmagny,QC
chain_00319,1851,ON032001,[Start of chain],[Start of chain],False,Prince Edward,ON
chain_00319,1861,ON095001,Ameliasburgh,Ameliasburgh,False,Prince Edward,ON
chain_00320,1851,ON004006,[Start of chain],[Start of chain],False,Carleton,ON
chain_00320,1861,ON067007,March,March,False,Carleton,ON
chain_00321,1851,ON031005,[Start of chain],[Start of chain],False,Prescott,ON
chain_00321,1861,ON094001,Alfred,Alfred,False,Prescott,ON
chain_00322,1851,ON006002,[Start of chain],[Start of chain],False,Durham ,ON
chain_00322,1861,ON069002,Cavan,Cavan,False,Durham ,ON
chain_00323,1851,ON041005,[Start of chain],[Start of chain],False,Wentworth,ON
chain_00323,1861,ON104008,Glanford,Glanford,False,Wentworth,ON
chain_00324,1851,ON007006,[Start of chain],[Start of chain],False,Elgin,ON
chain_00324,1861,ON070006,Southwold,Southwold,False,Elgin,ON
chain_00325,1851,QC067009,[Start of chain],[Start of chain],False,Outaouais,QC
chain_00325,1861,QC039017,Eardley,Eardley,False,Outaouais,QC
chain_00326,1851,ON035006,[Start of chain],[Start of chain],False,Simcoe,ON
chain_00326,1861,ON098006,Flos,Flos,False,Simcoe,ON
chain_00327,1851,ON022008,[Start of chain],[Start of chain],False,Lincoln,ON
chain_00327,1861,ON085008,"Niagara, Town of","Niagara, Town of",False,Lincoln,ON
chain_00328,1851,QC065009,[Start of chain],[Start of chain],False,Jacques Cartier,QC
chain_00328,1861,QC024002,"Lachine, Village","Lachine, Village",False,Jacques Cartier,QC
chain_00329,1851,ON044004,[Start of chain],[Start of chain],False,Hamilton,ON
chain_00329,1861,ON108003,St. Lawrence Ward,St. Lawrence Ward,False,Hamilton,ON
chain_00330,1851,QC068005,[Start of chain],[Start of chain],False,Portneuf,QC
chain_00330,1861,QC041001,Cap Santé,Cap Santé,False,Portneuf,QC
chain_00331,1851,ON024006,[Start of chain],[Start of chain],False,Northumberland,ON
chain_00331,1861,ON088011,Percy,Percy,False,Northumberland,ON
chain_00332,1851,ON029011,[Start of chain],[Start of chain],False,Perth,ON
chain_00332,1861,ON092011,Mornington,Mornington,False,Perth,ON
chain_00333,1851,ON006001,[Start of chain],[Start of chain],False,Durham ,ON
chain_00333,1861,ON069003,Cartwright,Cartwright,False,Durham ,ON
chain_00334,1851,QC081002,[Start of chain],[Start of chain],False,Vaudreuil,QC
chain_00334,1861,QC057006,"Vaudreuil, Parish","Vaudreuil, Parish",False,Vaudreuil,QC
chain_00335,1851,QC066004,[Start of chain],[Start of chain],False,Nicolet,QC
chain_00335,1861,QC038001,Bécancour,Bécancour,False,Nicolet,QC
chain_00336,1851,ON035016,[Start of chain],[Start of chain],False,Simcoe,ON
chain_00336,1861,ON098010,Mono,Mono,False,Simcoe,ON
chain_00337,1851,ON017006,[Start of chain],[Start of chain],False,Kent,ON
chain_00337,1861,ON080008,Raleigh,Raleigh,False,Kent,ON
chain_00338,1851,ON039003,[Start of chain],[Start of chain],False,Wellington,ON
chain_00338,1861,ON103008,Guelph,Guelph,False,Wellington,ON
chain_00339,1851,ON020010,[Start of chain],[Start of chain],False,Leeds,ON
chain_00339,1861,ON083010,Lansdowne,Lansdowne,False,Leeds,ON
chain_00340,1851,QC058010,[Start of chain],[Start of chain],False,Kamouraska,QC
chain_00340,1861,QC026009,Ste. Hélène,Ste. Hélène,False,Kamouraska,QC
chain_00341,1851,QC059016,[Start of chain],[Start of chain],False,Montcalm,QC
chain_00341,1861,QC034010,Wexford,Wexford,False,Montcalm,QC
chain_00342,1851,PE997999,[Start of chain],[Start of chain],False,Prince Edward Island,PE
chain_00342,1861,PE997999,NO DATA,NO DATA,False,Prince Edward Island,PE
chain_00343,1851,QC074005,[Start of chain],[Start of chain],False,Charlevoix,QC
chain_00343,1861,QC013004,Eboulements,Eboulements,False,Charlevoix,QC
chain_00344,1851,QC062003,[Start of chain],[Start of chain],False,Megantic,QC
chain_00344,1861,QC032007,Nelson,Nelson,False,Megantic,QC
chain_00345,1851,QC051010,[Start of chain],[Start of chain],False,Bonaventure,QC
chain_00345,1861,QC009011,Ristigouche,Ristigouche,False,Bonaventure,QC
chain_00346,1851,ON030007,[Start of chain],[Start of chain],False,Peterborough,ON
chain_00346,1861,ON093006,Ennismore,Ennismore,False,Peterborough,ON
chain_00347,1851,ON020011,[Start of chain],[Start of chain],False,Leeds,ON
chain_00347,1861,ON083012,Yonge,Yonge,False,Leeds,ON
chain_00348,1851,QC067014,[Start of chain],[Start of chain],False,Pontiac,QC
chain_00348,1861,QC040010,Mansfield,Mansfield,False,Pontiac,QC
chain_00349,1851,ON002008,[Start of chain],[Start of chain],False,Brant ,ON
chain_00349,1861,ON065008,Tuscarora,Tuscarora,False,Brant ,ON
chain_00350,1851,ON008999,[Start of chain],[Start of chain],False,Essex,ON
chain_00350,1861,ON071999,NO DATA,NO DATA,False,Essex,ON
chain_00351,1851,ON023010,[Start of chain],[Start of chain],False,Middlesex,ON
chain_00351,1861,ON086003,Delaware,Delaware,False,Middlesex,ON
chain_00352,1851,ON027003,[Start of chain],[Start of chain],False,Oxford,ON
chain_00352,1861,ON090009,"Oxford, North","Oxford, North",False,Oxford,ON
chain_00353,1851,QC055008,[Start of chain],[Start of chain],False,Drummond,QC
chain_00353,1861,QC018004,Simpson,Simpson,False,Drummond,QC
chain_00354,1851,ON018004,[Start of chain],[Start of chain],False,Lambton,ON
chain_00354,1861,ON081004,Enniskillen,Enniskillen,False,Lambton,ON
chain_00355,1851,QC072003,[Start of chain],[Start of chain],False,Rouville,QC
chain_00355,1861,QC046007,St. Mathias,St. Mathias,False,Rouville,QC
chain_00356,1851,ON041009,[Start of chain],[Start of chain],False,Wentworth,ON
chain_00356,1861,ON104005,"Dundas, Town of","Dundas, Town of",False,Wentworth,ON
chain_00357,1851,QC068011,[Start of chain],[Start of chain],False,Portneuf,QC
chain_00357,1861,QC041007,St. Augustin,St. Augustin,False,Portneuf,QC
chain_00358,1851,ON011003,[Start of chain],[Start of chain],False,Grey,ON
chain_00358,1861,ON075003,Collingwood,Collingwood,False,Grey,ON
chain_00359,1851,ON039009,[Start of chain],[Start of chain],False,Wellington,ON
chain_00359,1861,ON103011,Maryborough,Maryborough,False,Wellington,ON
chain_00360,1851,ON036005,[Start of chain],[Start of chain],False,Stormont,ON
chain_00360,1861,ON099001,"Cornwall, Town of","Cornwall, Town of",False,Stormont,ON
chain_00361,1851,ON039007,[Start of chain],[Start of chain],False,Wellington,ON
chain_00361,1861,ON103004,Eramosa,Eramosa,False,Wellington,ON
chain_00362,1851,QC080010,[Start of chain],[Start of chain],False,Two Mountains,QC
chain_00362,1861,QC056002,St. Augustin,St. Augustin,False,Two Mountains,QC
chain_00363,1851,ON010002,[Start of chain],[Start of chain],False,Glengary ,ON
chain_00363,1861,ON073001,Charlottenburgh,Charlottenburgh,False,Glengary ,ON
chain_00364,1851,QC077006,[Start of chain],[Start of chain],False,Stanstead,QC
chain_00364,1861,QC053005,Magog,Magog,False,Stanstead,QC
chain_00365,1851,QC064011,[Start of chain],[Start of chain],False,Montmorency,QC
chain_00365,1861,QC036008,St. Jean,St. Jean,False,Montmorency,QC
chain_00366,1851,QC062008,[Start of chain],[Start of chain],False,Megantic,QC
chain_00366,1861,QC032010,Thetford,Thetford,False,Megantic,QC
chain_00367,1851,QC076002,[Start of chain],[Start of chain],False,Compton,QC
chain_00367,1861,QC016002,Clifton,Clifton,False,Compton,QC
chain_00368,1851,ON032002,[Start of chain],[Start of chain],False,Prince Edward,ON
chain_00368,1861,ON095002,Athol,Athol,False,Prince Edward,ON
chain_00369,1851,QC062002,[Start of chain],[Start of chain],False,Megantic,QC
chain_00369,1861,QC032004,Inverness,Inverness,False,Megantic,QC
chain_00370,1851,QC081009,[Start of chain],[Start of chain],False,Soulanges,QC
chain_00370,1861,QC049003,St. Clet,St. Clet,False,Soulanges,QC
chain_00371,1851,QC055007,[Start of chain],[Start of chain],False,Drummond,QC
chain_00371,1861,QC018006,Wendover,Wendover,False,Drummond,QC
chain_00372,1851,ON030002,[Start of chain],[Start of chain],False,Peterborough,ON
chain_00372,1861,ON093004,Douro,Douro,False,Peterborough,ON
chain_00373,1851,QC053002,[Start of chain],[Start of chain],False,Champlain,QC
chain_00373,1861,QC012001,Batiscan,Batiscan,False,Champlain,QC
chain_00374,1851,ON013007,[Start of chain],[Start of chain],False,Haldimand,ON
chain_00374,1861,ON076008,Bainham,Bainham,False,Haldimand,ON
chain_00375,1851,ON025003,[Start of chain],[Start of chain],False,Norfolk,ON
chain_00375,1861,ON087001,Charlotteville,Charlotteville,False,Norfolk,ON
chain_00376,1851,ON011005,[Start of chain],[Start of chain],False,Grey,ON
chain_00376,1861,ON075005,Egremont,Egremont,False,Grey,ON
chain_00377,1851,QC074004,[Start of chain],[Start of chain],False,Charlevoix,QC
chain_00377,1861,QC013005,Isle-aux-Coudres,Isle-aux-Coudres,False,Charlevoix,QC
chain_00378,1851,QC071002,[Start of chain],[Start of chain],False,Temiscouata,QC
chain_00378,1861,QC054003,Fraserville,Fraserville,False,Temiscouata,QC
chain_00379,1851,ON033003,[Start of chain],[Start of chain],False,Renfrew,ON
chain_00379,1861,ON096006,Blithfield,Blithfield,False,Renfrew,ON
chain_00380,1851,ON024004,[Start of chain],[Start of chain],False,Northumberland,ON
chain_00380,1861,ON088001,Alnwick,Alnwick,False,Northumberland,ON
chain_00381,1851,QC063003,[Start of chain],[Start of chain],False,Missisquoi,QC
chain_00381,1861,QC033005,"St. Armand, West","St. Armand, West",False,Missisquoi,QC
chain_00382,1851,QC055004,[Start of chain],[Start of chain],False,Drummond,QC
chain_00382,1861,QC018001,Durham,Durham,False,Drummond,QC
chain_00383,1851,ON014004,[Start of chain],[Start of chain],False,Halton,ON
chain_00383,1861,ON077005,Nelson,Nelson,False,Halton,ON
chain_00384,1851,QC059015,[Start of chain],[Start of chain],False,Montcalm,QC
chain_00384,1861,QC034001,Chertsey,Chertsey,False,Montcalm,QC
chain_00385,1851,QC063002,[Start of chain],[Start of chain],False,Missisquoi,QC
chain_00385,1861,QC033006,"St. Armand, East","St. Armand, East",False,Missisquoi,QC
chain_00386,1851,QC061009,[Start of chain],[Start of chain],False,Lotbiniere,QC
chain_00386,1861,QC030002,Ste. Agathe,Ste. Agathe,False,Lotbiniere,QC
chain_00387,1851,ON042003,[Start of chain],[Start of chain],False,York,ON
chain_00387,1861,ON105007,Markham,Markham,False,York,ON
chain_00388,1851,QC082002,[Start of chain],[Start of chain],False,Vercheres,QC
chain_00388,1861,QC058007,Verchères,Verchères,False,Vercheres,QC
chain_00389,1851,QC062001,[Start of chain],[Start of chain],False,Megantic,QC
chain_00389,1861,QC032006,Leeds,Leeds,False,Megantic,QC
chain_00390,1851,QC082003,[Start of chain],[Start of chain],False,Vercheres,QC
chain_00390,1861,QC058002,Contrecœur,Contrecœur,False,Vercheres,QC
chain_00391,1851,ON026003,[Start of chain],[Start of chain],False,Ontario,ON
chain_00391,1861,ON089010,Uxbridge,Uxbridge,False,Ontario,ON
chain_00392,1851,ON045004,[Start of chain],[Start of chain],False,Kingston,ON
chain_00392,1861,ON109001,Cataraqui Ward,Cataraqui Ward,False,Kingston,ON
chain_00393,1851,ON019008,[Start of chain],[Start of chain],False,Lanark,ON
chain_00393,1861,ON082008,Lanark,Lanark,False,Lanark,ON
chain_00394,1851,QC051008,[Start of chain],[Start of chain],False,Bonaventure,QC
chain_00394,1861,QC009010,Nouvelle and Shoolbreds,Nouvelle and Shoolbreds,False,Bonaventure,QC
chain_00395,1851,ON034002,[Start of chain],[Start of chain],False,Russell,ON
chain_00395,1861,ON097002,Clarence,Clarence,False,Russell,ON
chain_00396,1851,QC054019,[Start of chain],[Start of chain],False,Dorchester,QC
chain_00396,1861,QC017002,Cranbourne,Cranbourne,False,Dorchester,QC
chain_00397,1851,ON016004,[Start of chain],[Start of chain],False,Huron,ON
chain_00397,1861,ON079002,Biddulph,Biddulph,False,Huron,ON
chain_00398,1851,ON025004,[Start of chain],[Start of chain],False,Norfolk,ON
chain_00398,1861,ON087007,Windham,Windham,False,Norfolk,ON
chain_00399,1851,QC054002,[Start of chain],[Start of chain],False,Lévis,QC
chain_00399,1861,QC029001,Notre Dame de la Victoire,Notre Dame de la Victoire,False,Lévis,QC
chain_00400,1851,ON028002,[Start of chain],[Start of chain],False,Peel,ON
chain_00400,1861,ON091003,Caledon,Caledon,False,Peel,ON
chain_00401,1851,QC056005,[Start of chain],[Start of chain],False,Gaspé,QC
chain_00401,1861,QC019003,Douglas,Douglas,False,Gaspé,QC
chain_00402,1851,ON003010,[Start of chain],[Start of chain],False,Bruce,ON
chain_00402,1861,ON066013,Kinlas,Kinlas,False,Bruce,ON
chain_00403,1851,ON037007,[Start of chain],[Start of chain],False,Victoria,ON
chain_00403,1861,ON100017,Verulam,Verulam,False,Victoria,ON
chain_00404,1851,ON031007,[Start of chain],[Start of chain],False,Prescott,ON
chain_00404,1861,ON094008,"Plantagenet, South","Plantagenet, South",False,Prescott,ON
chain_00405,1851,ON037003,[Start of chain],[Start of chain],False,Victoria,ON
chain_00405,1861,ON100007,Emily,Emily,False,Victoria,ON
chain_00406,1851,QC060012,[Start of chain],[Start of chain],False,Montmagny,QC
chain_00406,1861,QC035004,Isle aux Oies,Isle aux Oies,False,Montmagny,QC
chain_00407,1851,ON030001,[Start of chain],[Start of chain],False,Peterborough,ON
chain_00407,1861,ON093003,Belmont and Methuen,Belmont and Methuen,False,Peterborough,ON
chain_00408,1851,QC051002,[Start of chain],[Start of chain],False,Bonaventure,QC
chain_00408,1861,QC009005,Hope,Hope,False,Bonaventure,QC
chain_00409,1851,QC062014,[Start of chain],[Start of chain],False,Beauce,QC
chain_00409,1861,QC005010,Price,Price,False,Beauce,QC
chain_00410,1851,QC073003,[Start of chain],[Start of chain],False,St. Maurice,QC
chain_00410,1861,QC052004,St. Etienne,St. Etienne,False,St. Maurice,QC
chain_00411,1851,ON018006,[Start of chain],[Start of chain],False,Lambton,ON
chain_00411,1861,ON081006,Moore,Moore,False,Lambton,ON
chain_00412,1851,QC077007,[Start of chain],[Start of chain],False,Stanstead,QC
chain_00412,1861,QC053002,Barford,Barford,False,Stanstead,QC
chain_00413,1851,ON013001,[Start of chain],[Start of chain],False,Haldimand,ON
chain_00413,1861,ON076001,Canboro,Canboro,False,Haldimand,ON
chain_00414,1851,ON004010,[Start of chain],[Start of chain],False,Carleton,ON
chain_00414,1861,ON067010,"Richmond, Village","Richmond, Village",False,Carleton,ON
chain_00415,1851,ON020009,[Start of chain],[Start of chain],False,Leeds,ON
chain_00415,1861,ON083011,Leeds,Leeds,False,Leeds,ON
chain_00416,1851,QC062013,[Start of chain],[Start of chain],False,Beauce,QC
chain_00416,1861,QC005002,Aylmer,Aylmer,False,Beauce,QC
chain_00417,1851,QC060001,[Start of chain],[Start of chain],False,Montmagny,QC
chain_00417,1861,QC035007,"Montmagny, Village","Montmagny, Village",False,Montmagny,QC
chain_00418,1851,ON025006,[Start of chain],[Start of chain],False,Norfolk,ON
chain_00418,1861,ON087008,Woodhouse and Gore,Woodhouse and Gore,False,Norfolk,ON
chain_00419,1851,QC077004,[Start of chain],[Start of chain],False,Brome,QC
chain_00419,1861,QC010001,Bolton,Bolton,False,Brome,QC
chain_00420,1851,ON011013,[Start of chain],[Start of chain],False,Grey,ON
chain_00420,1861,ON075015,Sullivan,Sullivan,False,Grey,ON
chain_00421,1851,ON029010,[Start of chain],[Start of chain],False,Perth,ON
chain_00421,1861,ON092014,Wallace,Wallace,False,Perth,ON
chain_00422,1851,ON034003,[Start of chain],[Start of chain],False,Russell,ON
chain_00422,1861,ON097001,Cambridge,Cambridge,False,Russell,ON
chain_00423,1851,ON033001,[Start of chain],[Start of chain],False,Renfrew,ON
chain_00423,1861,ON096001,Admaston,Admaston,False,Renfrew,ON
chain_00424,1851,ON016016,[Start of chain],[Start of chain],False,Huron,ON
chain_00424,1861,ON079006,"Goderich, Town of","Goderich, Town of",False,Huron,ON
chain_00425,1851,QC082006,[Start of chain],[Start of chain],False,Vercheres,QC
chain_00425,1861,QC058003,St. Antoine,St. Antoine,False,Vercheres,QC
chain_00426,1851,QC049002,[Start of chain],[Start of chain],False,Montmagny,QC
chain_00426,1861,QC035001,Berthier,Berthier,False,Montmagny,QC
chain_00427,1851,QC076021,[Start of chain],[Start of chain],False,Wolfe,QC
chain_00427,1861,QC059006,Stratford,Stratford,False,Wolfe,QC
chain_00428,1851,ON038005,[Start of chain],[Start of chain],False,Waterloo,ON
chain_00428,1861,ON101010,Wellesley,Wellesley,False,Waterloo,ON
chain_00429,1851,ON026011,[Start of chain],[Start of chain],False,Ontario,ON
chain_00429,1861,ON089003,"Oshawa, Village","Oshawa, Village",False,Ontario,ON
chain_00430,1851,QC063005,[Start of chain],[Start of chain],False,Missisquoi,QC
chain_00430,1861,QC033001,Dunham,Dunham,False,Missisquoi,QC
chain_00431,1851,ON006007,[Start of chain],[Start of chain],False,Durham ,ON
chain_00431,1861,ON069009,"Port Hope, Town of","Port Hope, Town of",False,Durham ,ON
chain_00432,1851,ON042004,[Start of chain],[Start of chain],False,York,ON
chain_00432,1861,ON105008,Scarborough,Scarborough,False,York,ON
chain_00433,1851,QC074006,[Start of chain],[Start of chain],False,Charlevoix,QC
chain_00433,1861,QC013011,St. Irénée,St. Irénée,False,Charlevoix,QC
chain_00434,1851,ON004009,[Start of chain],[Start of chain],False,Carleton,ON
chain_00434,1861,ON067009,Osgoode,Osgoode,False,Carleton,ON
chain_00435,1851,ON006005,[Start of chain],[Start of chain],False,Durham ,ON
chain_00435,1861,ON069006,Hope,Hope,False,Durham ,ON
chain_00436,1851,ON017004,[Start of chain],[Start of chain],False,Kent,ON
chain_00436,1861,ON080005,Harwich,Harwich,False,Kent,ON
chain_00437,1851,QC079001,[Start of chain],[Start of chain],False,Terrebonne,QC
chain_00437,1861,QC055009,"Ste. Thérèse, Parish","Ste. Thérèse, Parish",False,Terrebonne,QC
chain_00438,1851,QC054018,[Start of chain],[Start of chain],False,Dorchester,QC
chain_00438,1861,QC017003,Frampton,Frampton,False,Dorchester,QC
chain_00439,1851,QC058008,[Start of chain],[Start of chain],False,Kamouraska,QC
chain_00439,1861,QC026012,St. Paschal,St. Paschal,False,Kamouraska,QC
chain_00440,1851,QC072002,[Start of chain],[Start of chain],False,Iberville,QC
chain_00440,1861,QC022003,St. Athanase,St. Athanase,False,Iberville,QC
chain_00441,1851,ON022002,[Start of chain],[Start of chain],False,Lincoln,ON
chain_00441,1861,ON085002,Clinton,Clinton,False,Lincoln,ON
chain_00442,1851,QC079003,[Start of chain],[Start of chain],False,Terrebonne,QC
chain_00442,1861,QC055004,St. Janvier,St. Janvier,False,Terrebonne,QC
chain_00443,1851,QC065004,[Start of chain],[Start of chain],False,Hochelaga,QC
chain_00443,1861,QC020007,Sault au Récollet,Sault au Récollet,False,Hochelaga,QC
chain_00444,1851,ON025009,[Start of chain],[Start of chain],False,Norfolk,ON
chain_00444,1861,ON087004,"Simcoe, Town of","Simcoe, Town of",False,Norfolk,ON
chain_00445,1851,ON027006,[Start of chain],[Start of chain],False,Oxford,ON
chain_00445,1861,ON090003,Dereham,Dereham,False,Oxford,ON
chain_00446,1851,ON019012,[Start of chain],[Start of chain],False,Lanark,ON
chain_00446,1861,ON082013,Ramsay,Ramsay,False,Lanark,ON
chain_00447,1851,QC073006,[Start of chain],[Start of chain],False,St. Maurice,QC
chain_00447,1861,QC052002,St. Barnabé,St. Barnabé,False,St. Maurice,QC
chain_00448,1851,QC067024,[Start of chain],[Start of chain],False,Outaouais,QC
chain_00448,1861,QC039026,Low,Low,False,Outaouais,QC
chain_00449,1851,QC067023,[Start of chain],[Start of chain],False,Pontiac,QC
chain_00449,1861,QC040016,Waltham,Waltham,False,Pontiac,QC
chain_00450,1851,QC079002,[Start of chain],[Start of chain],False,Terrebonne,QC
chain_00450,1861,QC055010,"Ste. Thérèse de Blainville, Village and College","Ste. Thérèse de Blainville, Village and College",False,Terrebonne,QC
chain_00451,1851,ON011007,[Start of chain],[Start of chain],False,Grey,ON
chain_00451,1861,ON075007,Glenelg,Glenelg,False,Grey,ON
chain_00452,1851,ON031003,[Start of chain],[Start of chain],False,Prescott,ON
chain_00452,1861,ON094003,"Hawkesbury, East","Hawkesbury, East",False,Prescott,ON
chain_00453,1851,ON035004,[Start of chain],[Start of chain],False,Simcoe,ON
chain_00453,1861,ON098015,Oro,Oro,False,Simcoe,ON
chain_00454,1851,ON033013,[Start of chain],[Start of chain],False,Renfrew,ON
chain_00454,1861,ON096021,Wilberforce,Wilberforce,False,Renfrew,ON
chain_00455,1851,QC073011,[Start of chain],[Start of chain],False,Maskinonge,QC
chain_00455,1861,QC031008,Ste. Ursule,Ste. Ursule,False,Maskinonge,QC
chain_00456,1851,QC068001,[Start of chain],[Start of chain],False,Portneuf,QC
chain_00456,1861,QC041009,St. Casimir,St. Casimir,False,Portneuf,QC
chain_00457,1851,QC067017,[Start of chain],[Start of chain],False,Pontiac,QC
chain_00457,1861,QC040002,Aldfield,Aldfield,False,Pontiac,QC
chain_00458,1851,ON011001,[Start of chain],[Start of chain],False,Grey,ON
chain_00458,1861,ON075001,Artemesia,Artemesia,False,Grey,ON
chain_00459,1851,ON039006,[Start of chain],[Start of chain],False,Wellington,ON
chain_00459,1861,ON103007,Garafraxa,Garafraxa,False,Wellington,ON
chain_00460,1851,QC076019,[Start of chain],[Start of chain],False,Wolfe,QC
chain_00460,1861,QC059002,Garthby,Garthby,False,Wolfe,QC
chain_00461,1851,QC072001,[Start of chain],[Start of chain],False,Iberville,QC
chain_00461,1861,QC022001,Iberville,Iberville,False,Iberville,QC
chain_00462,1851,QC073010,[Start of chain],[Start of chain],False,Maskinonge,QC
chain_00462,1861,QC031001,Hunterstown,Hunterstown,False,Maskinonge,QC
chain_00463,1851,ON026002,[Start of chain],[Start of chain],False,Ontario,ON
chain_00463,1861,ON089004,Pickering,Pickering,False,Ontario,ON
chain_00464,1851,ON016003,[Start of chain],[Start of chain],False,Huron,ON
chain_00464,1861,ON079011,McGillivray,McGillivray,False,Huron,ON
chain_00465,1851,QC057008,[Start of chain],[Start of chain],False,Laprairie,QC
chain_00465,1861,QC027007,Sault St. Louis,Sault St. Louis,False,Laprairie,QC
chain_00466,1851,QC071020,[Start of chain],[Start of chain],False,Rimouski,QC
chain_00466,1861,QC045005,"Matane, Parish","Matane, Parish",False,Rimouski,QC
chain_00467,1851,ON002007,[Start of chain],[Start of chain],False,Brant,ON
chain_00467,1861,ON065007,"Paris, Village","Paris, Village",False,Brant,ON
chain_00468,1851,QC081001,[Start of chain],[Start of chain],False,Vaudreuil,QC
chain_00468,1861,QC057001,Isle Perrot,Isle Perrot,False,Vaudreuil,QC
chain_00469,1851,QC064002,[Start of chain],[Start of chain],False,Montmorency,QC
chain_00469,1861,QC036001,Ange Gardien,Ange Gardien,False,Montmorency,QC
chain_00470,1851,ON018001,[Start of chain],[Start of chain],False,Lambton,ON
chain_00470,1861,ON081001,Bosanquet,Bosanquet,False,Lambton,ON
chain_00471,1851,QC069002,[Start of chain],[Start of chain],False,Quebec (Comté),QC
chain_00471,1861,QC042012,St. Gabriel,St. Gabriel,False,Quebec (Comté),QC
chain_00472,1851,QC068010,[Start of chain],[Start of chain],False,Portneuf,QC
chain_00472,1861,QC041005,Pointe-aux-Trembles,Pointe-aux-Trembles,False,Portneuf,QC
chain_00473,1851,QC083001,[Start of chain],[Start of chain],False,Yamaska,QC
chain_00473,1861,QC060003,St. David,St. David,False,Yamaska,QC
chain_00474,1851,QC067021,[Start of chain],[Start of chain],False,Outaouais,QC
chain_00474,1861,QC039036,Templeton,Templeton,False,Outaouais,QC
chain_00475,1851,ON028001,[Start of chain],[Start of chain],False,Peel,ON
chain_00475,1861,ON091001,Albion,Albion,False,Peel,ON
chain_00476,1851,ON042009,[Start of chain],[Start of chain],False,York,ON
chain_00476,1861,ON105010,Whitchurch,Whitchurch,False,York,ON
chain_00477,1851,ON042007,[Start of chain],[Start of chain],False,York,ON
chain_00477,1861,ON105004,"Gwillimhury, North","Gwillimhury, North",False,York,ON
chain_00478,1851,QC064007,[Start of chain],[Start of chain],False,Montmorency,QC
chain_00478,1861,QC036011,St. Pierre,St. Pierre,False,Montmorency,QC
chain_00479,1851,QC085999,[Start of chain],[Start of chain],False,City of Montreal,QC
chain_00479,1861,QC061999,NO DATA,NO DATA,False,City of Montreal,QC
chain_00480,1851,QC067006,[Start of chain],[Start of chain],False,Pontiac,QC
chain_00480,1861,QC040006,Chichester,Chichester,False,Pontiac,QC
chain_00481,1851,QC053001,[Start of chain],[Start of chain],False,Champlain,QC
chain_00481,1861,QC012005,Ste. Anne,Ste. Anne,False,Champlain,QC
chain_00482,1851,ON008009,[Start of chain],[Start of chain],False,Essex,ON
chain_00482,1861,ON071011,Rochester,Rochester,False,Essex,ON
chain_00483,1851,ON035015,[Start of chain],[Start of chain],False,Simcoe,ON
chain_00483,1861,ON098012,Mulmer,Mulmer,False,Simcoe,ON
chain_00484,1851,ON044001,[Start of chain],[Start of chain],False,Hamilton,ON
chain_00484,1861,ON108005,St. Patricks’ Ward,St. Patricks’ Ward,False,Hamilton,ON
chain_00485,1851,ON020004,[Start of chain],[Start of chain],False,Leeds,ON
chain_00485,1861,ON083005,"Crosby, South","Crosby, South",False,Leeds,ON
chain_00486,1851,ON040006,[Start of chain],[Start of chain],False,Welland,ON
chain_00486,1861,ON102011,Wainfleet.,Wainfleet.,False,Welland,ON
chain_00487,1851,ON031004,[Start of chain],[Start of chain],False,Prescott,ON
chain_00487,1861,ON094006,Longueuil,Longueuil,False,Prescott,ON
chain_00488,1851,ON036004,[Start of chain],[Start of chain],False,Stormont,ON
chain_00488,1861,ON099005,Roxborough,Roxborough,False,Stormont,ON
chain_00489,1851,QC066007,[Start of chain],[Start of chain],False,Nicolet,QC
chain_00489,1861,QC038009,St. Pierre,St. Pierre,False,Nicolet,QC
chain_00490,1851,QC083002,[Start of chain],[Start of chain],False,Yamaska,QC
chain_00490,1861,QC060005,St. Michel,St. Michel,False,Yamaska,QC
chain_00491,1851,ON001004,[Start of chain],[Start of chain],False,Lennox and Addington ,ON
chain_00491,1861,ON084011,Sheffield,Sheffield,False,Lennox and Addington ,ON
chain_00492,1851,ON029009,[Start of chain],[Start of chain],False,Perth,ON
chain_00492,1861,ON092006,Elma,Elma,False,Perth,ON
chain_00493,1851,ON011010,[Start of chain],[Start of chain],False,Grey,ON
chain_00493,1861,ON075011,Normanby,Normanby,False,Grey,ON
chain_00494,1851,QC067022,[Start of chain],[Start of chain],False,Outaouais,QC
chain_00494,1861,QC039038,Wakefield,Wakefield,False,Outaouais,QC
chain_00495,1851,ON024007,[Start of chain],[Start of chain],False,Northumberland,ON
chain_00495,1861,ON088008,Hamilton,Hamilton,False,Northumberland,ON
chain_00496,1851,ON015001,[Start of chain],[Start of chain],False,Hastings,ON
chain_00496,1861,ON078001,"Belleville, Town of","Belleville, Town of",False,Hastings,ON
chain_00497,1851,QC057002,[Start of chain],[Start of chain],False,Laprairie,QC
chain_00497,1861,QC027001,"Laprairie, Village","Laprairie, Village",False,Laprairie,QC
chain_00498,1851,ON010003,[Start of chain],[Start of chain],False,Glengary ,ON
chain_00498,1861,ON073004,Lochiel,Lochiel,False,Glengary ,ON
chain_00499,1851,ON035012,[Start of chain],[Start of chain],False,Simcoe,ON
chain_00499,1861,ON098018,Tecumseth,Tecumseth,False,Simcoe,ON
chain_00500,1851,ON037005,[Start of chain],[Start of chain],False,Victoria,ON
chain_00500,1861,ON100008,Fenelon,Fenelon,False,Victoria,ON
chain_00501,1851,QC060007,[Start of chain],[Start of chain],False,L'Islet,QC
chain_00501,1861,QC023004,St. Cyrille,St. Cyrille,False,L'Islet,QC
chain_00502,1851,QC066005,[Start of chain],[Start of chain],False,Nicolet,QC
chain_00502,1861,QC038007,St. Grégoire,St. Grégoire,False,Nicolet,QC
chain_00503,1851,QC050009,[Start of chain],[Start of chain],False,Joliette,QC
chain_00503,1861,QC025014,St. Thomas,St. Thomas,False,Joliette,QC
chain_00504,1851,QC072010,[Start of chain],[Start of chain],False,Rouville,QC
chain_00504,1861,QC046004,St. Hilaire,St. Hilaire,False,Rouville,QC
chain_00505,1851,QC076010,[Start of chain],[Start of chain],False,Compton,QC
chain_00505,1861,QC016001,Bury,Bury,False,Compton,QC
chain_00506,1851,QC051006,[Start of chain],[Start of chain],False,Bonaventure,QC
chain_00506,1861,QC009007,Maria,Maria,False,Bonaventure,QC
chain_00507,1851,QC083005,[Start of chain],[Start of chain],False,Yamaska,QC
chain_00507,1861,QC060006,St. Zéphirin,St. Zéphirin,False,Yamaska,QC
chain_00508,1851,ON026004,[Start of chain],[Start of chain],False,Ontario,ON
chain_00508,1861,ON089006,Reach,Reach,False,Ontario,ON
chain_00509,1851,QC080016,[Start of chain],[Start of chain],False,Argenteuil,QC
chain_00509,1861,QC002006,Harrington,Harrington,False,Argenteuil,QC
chain_00510,1851,ON009005,[Start of chain],[Start of chain],False,Frontenac,ON
chain_00510,1861,ON072002,Bedford,Bedford,False,Frontenac,ON
chain_00511,1851,ON002005,[Start of chain],[Start of chain],False,Brant ,ON
chain_00511,1861,ON065005,Oakland,Oakland,False,Brant ,ON
chain_00512,1851,ON020002,[Start of chain],[Start of chain],False,Leeds,ON
chain_00512,1861,ON083003,Burgess,Burgess,False,Leeds,ON
chain_00513,1851,ON033006,[Start of chain],[Start of chain],False,Renfrew,ON
chain_00513,1861,ON096017,Ross,Ross,False,Renfrew,ON
chain_00514,1851,QC054021,[Start of chain],[Start of chain],False,Beauce,QC
chain_00514,1861,QC005008,Linière,Linière,False,Beauce,QC
chain_00515,1851,ON027010,[Start of chain],[Start of chain],False,Oxford,ON
chain_00515,1861,ON090006,"Nissouri, East","Nissouri, East",False,Oxford,ON
chain_00516,1851,QC057014,[Start of chain],[Start of chain],False,Napierville,QC
chain_00516,1861,QC037005,Sherrington,Sherrington,False,Napierville,QC
chain_00517,1851,QC076018,[Start of chain],[Start of chain],False,Compton,QC
chain_00517,1861,QC016010,Westbury,Westbury,False,Compton,QC
chain_00518,1851,QC054012,[Start of chain],[Start of chain],False,Beauce,QC
chain_00518,1861,QC005012,St. Elzéar,St. Elzéar,False,Beauce,QC
chain_00519,1851,ON020003,[Start of chain],[Start of chain],False,Leeds,ON
chain_00519,1861,ON083004,"Crosby, North","Crosby, North",False,Leeds,ON
chain_00520,1851,QC051004,[Start of chain],[Start of chain],False,Bonaventure,QC
chain_00520,1861,QC009004,Hamilton,Hamilton,False,Bonaventure,QC
chain_00521,1851,ON020012,[Start of chain],[Start of chain],False,Leeds,ON
chain_00521,1861,ON083002,"Brockville, Town of","Brockville, Town of",False,Leeds,ON
chain_00522,1851,ON007008,[Start of chain],[Start of chain],False,Elgin,ON
chain_00522,1861,ON070007,"St. Thomas, Town of","St. Thomas, Town of",False,Elgin,ON
chain_00523,1851,QC052001,[Start of chain],[Start of chain],False,Chambly,QC
chain_00523,1861,QC011006,"Longueuil, Village","Longueuil, Village",False,Chambly,QC
chain_00524,1851,QC076012,[Start of chain],[Start of chain],False,Wolfe,QC
chain_00524,1861,QC059007,Weedon,Weedon,False,Wolfe,QC
chain_00525,1851,ON026010,[Start of chain],[Start of chain],False,York,ON
chain_00525,1861,ON105002,Georgina,Georgina,False,York,ON
chain_00526,1851,QC066009,[Start of chain],[Start of chain],False,Nicolet,QC
chain_00526,1861,QC038005,St. Célestin,St. Célestin,False,Nicolet,QC
chain_00527,1851,ON016014,[Start of chain],[Start of chain],False,Huron,ON
chain_00527,1861,ON079014,Stanley and Bayfield,Stanley and Bayfield,False,Huron,ON
chain_00528,1851,QC059012,[Start of chain],[Start of chain],False,Montcalm,QC
chain_00528,1861,QC034003,Kilkenny,Kilkenny,False,Montcalm,QC
chain_00529,1851,QC058004,[Start of chain],[Start of chain],False,Kamouraska,QC
chain_00529,1861,QC026008,St. Denis,St. Denis,False,Kamouraska,QC
chain_00530,1851,ON037004,[Start of chain],[Start of chain],False,Victoria,ON
chain_00530,1861,ON100006,Eldon,Eldon,False,Victoria,ON
chain_00531,1851,QC068002,[Start of chain],[Start of chain],False,Portneuf,QC
chain_00531,1861,QC041004,Grondines,Grondines,False,Portneuf,QC
chain_00532,1851,QC074010,[Start of chain],[Start of chain],False,Charlevoix,QC
chain_00532,1861,QC013010,St. Fidèle,St. Fidèle,False,Charlevoix,QC
chain_00533,1851,ON030009,[Start of chain],[Start of chain],False,Peterborough,ON
chain_00533,1861,ON093012,"Peterborough, Town of","Peterborough, Town of",False,Peterborough,ON
chain_00534,1851,QC061004,[Start of chain],[Start of chain],False,Lotbiniere,QC
chain_00534,1861,QC030006,St. Flavien,St. Flavien,False,Lotbiniere,QC
chain_00535,1851,ON029002,[Start of chain],[Start of chain],False,Perth,ON
chain_00535,1861,ON092008,Hibbert,Hibbert,False,Perth,ON
chain_00536,1851,ON004004,[Start of chain],[Start of chain],False,Carleton,ON
chain_00536,1861,ON067004,"Gower, North","Gower, North",False,Carleton,ON
chain_00537,1851,QC058999,[Start of chain],[Start of chain],False,Kamouraska,QC
chain_00537,1861,QC026999,NO DATA,NO DATA,False,Kamouraska,QC
chain_00538,1851,QC080009,[Start of chain],[Start of chain],False,Two Mountains,QC
chain_00538,1861,QC056006,"St. Eustache, Village","St. Eustache, Village",False,Two Mountains,QC
chain_00539,1851,ON008001,[Start of chain],[Start of chain],False,Essex,ON
chain_00539,1861,ON071001,"Amherstburgh, Town of","Amherstburgh, Town of",False,Essex,ON
chain_00540,1851,QC054005,[Start of chain],[Start of chain],False,Lévis,QC
chain_00540,1861,QC029004,St. Henri,St. Henri,False,Lévis,QC
chain_00541,1851,ON007003,[Start of chain],[Start of chain],False,Elgin,ON
chain_00541,1861,ON070004,Dunwich,Dunwich,False,Elgin,ON
chain_00542,1851,QC062006,[Start of chain],[Start of chain],False,Wolfe,QC
chain_00542,1861,QC059009,Wolfestown,Wolfestown,False,Wolfe,QC
chain_00543,1851,ON045001,[Start of chain],[Start of chain],False,Kingston,ON
chain_00543,1861,ON109006,Sydenham Ward,Sydenham Ward,False,Kingston,ON
chain_00544,1851,ON034001,[Start of chain],[Start of chain],False,Russell,ON
chain_00544,1861,ON097003,Cumberland,Cumberland,False,Russell,ON
chain_00545,1851,QC077003,[Start of chain],[Start of chain],False,Stanstead,QC
chain_00545,1861,QC053004,Hatley,Hatley,False,Stanstead,QC
chain_00546,1851,ON013002,[Start of chain],[Start of chain],False,Haldimand,ON
chain_00546,1861,ON076003,"Cayuga, South","Cayuga, South",False,Haldimand,ON
chain_00547,1851,ON022001,[Start of chain],[Start of chain],False,Lincoln,ON
chain_00547,1861,ON085001,Caistor,Caistor,False,Lincoln,ON
chain_00548,1851,QC067003,[Start of chain],[Start of chain],False,Pontiac,QC
chain_00548,1861,QC040004,Bristol,Bristol,False,Pontiac,QC
chain_00549,1851,QC064010,[Start of chain],[Start of chain],False,Montmorency,QC
chain_00549,1861,QC036010,St. Laurent,St. Laurent,False,Montmorency,QC
chain_00550,1851,QC051009,[Start of chain],[Start of chain],False,Bonaventure,QC
chain_00550,1861,QC009006,Mann,Mann,False,Bonaventure,QC
chain_00551,1851,QC054015,[Start of chain],[Start of chain],False,Beauce,QC
chain_00551,1861,QC005013,St. Frédéric,St. Frédéric,False,Beauce,QC
chain_00552,1851,QC054020,[Start of chain],[Start of chain],False,Beauce,QC
chain_00552,1861,QC005006,Jersey,Jersey,False,Beauce,QC
chain_00553,1851,QC051005,[Start of chain],[Start of chain],False,Bonaventure,QC
chain_00553,1861,QC009009,New Richmond,New Richmond,False,Bonaventure,QC
chain_00554,1851,QC081005,[Start of chain],[Start of chain],False,Vaudreuil,QC
chain_00554,1861,QC057003,Ste. Marthe,Ste. Marthe,False,Vaudreuil,QC
chain_00555,1851,ON030006,[Start of chain],[Start of chain],False,Peterborough,ON
chain_00555,1861,ON093002,Asphodel,Asphodel,False,Peterborough,ON
chain_00556,1851,ON013010,[Start of chain],[Start of chain],False,Haldimand,ON
chain_00556,1861,ON076009,Seneca,Seneca,False,Haldimand,ON
